trial, person, eye, t0, x, y
0,0,R,-118,955.8,599.5
0,0,R,362,1077.2,677.4
0,0,X,1842,1080.0,660.0
1,0,R,-117,1088.2,673.0
1,0,R,315,369.5,962.7
1,0,X,1215,395.0,925.0
2,0,R,-34,1653.9,174.4
2,0,R,218,1638.7,151.6
2,0,X,1078,1630.0,135.0
3,0,R,-113,964.5,454.5
3,0,R,275,1305.0,308.5
3,0,X,1363,1290.0,310.0
4,0,R,-112,821.2,403.0
4,0,R,212,1529.2,693.5
4,0,R,332,1598.4,714.1
4,0,X,1532,1580.0,710.0
5,0,R,-110,1021.8,484.2
5,0,R,218,196.1,158.9
5,0,R,414,185.8,144.6
5,0,R,542,207.8,139.0
5,0,X,1110,220.0,130.0
6,0,R,-115,740.3,514.5
6,0,R,145,890.0,457.5
6,0,R,209,892.1,272.3
6,0,R,325,870.0,221.5
6,0,X,1145,870.0,235.0
7,0,R,-113,894.1,548.8
7,0,R,87,315.9,708.6
7,0,R,207,394.1,507.9
7,0,R,323,427.6,460.1
7,0,X,1051,450.0,450.0
8,0,R,-107,1017.8,529.5
8,0,R,301,773.5,902.6
8,0,R,381,778.0,842.8
8,0,X,1113,790.0,835.0
9,0,R,-112,830.2,429.7
9,0,R,208,1311.0,935.6
9,0,R,316,1361.2,1050.5
9,0,R,504,1391.9,1066.4
9,0,R,1236,1394.6,1068.4
9,0,X,1469,1370.0,1060.0
10,0,R,-124,849.2,417.7
10,0,R,228,1637.8,138.0
10,0,X,1281,1630.0,135.0
11,0,R,-109,1004.0,405.9
11,0,R,223,781.6,853.2
11,0,R,511,788.9,834.0
11,0,R,1399,861.1,456.8
11,0,X,1358,790.0,835.0
12,0,R,-116,884.6,441.8
12,0,R,188,1097.2,667.6
12,0,R,344,1097.8,651.5
12,0,X,1287,1080.0,660.0
13,0,R,-121,762.1,474.0
13,0,R,183,433.4,442.6
13,0,X,1202,450.0,450.0
14,0,R,-119,1154.8,463.4
14,0,R,241,388.4,943.8
14,0,R,461,372.6,940.5
14,0,R,585,384.8,933.8
14,0,X,1226,395.0,925.0
15,0,R,-117,874.2,523.4
15,0,R,199,1346.9,979.0
15,0,R,315,1397.0,1048.7
15,0,R,607,1400.8,1046.0
15,0,X,1264,1370.0,1060.0
16,0,R,-112,929.5,438.0
16,0,R,224,187.4,175.9
16,0,R,344,213.3,119.1
16,0,R,968,209.0,110.7
16,0,X,1477,220.0,130.0
17,0,R,-116,1156.1,616.1
17,0,R,100,828.2,621.7
17,0,R,200,1338.5,438.6
17,0,R,300,1282.0,340.9
17,0,R,420,1315.9,288.8
17,0,X,1865,1290.0,310.0
18,0,R,-111,714.3,599.6
18,0,R,185,863.9,304.4
18,0,R,293,875.2,206.1
18,0,X,1486,870.0,235.0
19,0,R,-124,1016.5,459.4
19,0,R,208,1634.7,709.2
19,0,R,336,1617.5,683.7
19,0,R,1208,1612.6,677.6
19,0,X,1505,1580.0,710.0
20,0,R,-121,958.0,364.6
20,0,R,271,1569.5,171.3
20,0,R,391,1648.1,96.2
20,0,X,1452,1630.0,135.0
21,0,R,-107,823.8,356.8
21,0,R,229,1311.2,317.2
21,0,R,405,1319.2,284.1
21,0,X,1418,1290.0,310.0
22,0,R,-123,1329.1,292.6
22,0,R,185,1574.5,664.1
22,0,R,313,1613.3,708.0
22,0,R,597,1606.0,703.8
22,0,R,1217,1605.1,694.7
22,0,X,1792,1580.0,710.0
23,0,R,-116,959.1,392.4
23,0,R,160,482.9,440.8
23,0,R,288,443.7,430.0
23,0,R,1496,1005.6,359.8
23,0,X,1455,450.0,450.0
24,0,R,-119,1074.9,238.1
24,0,R,81,880.0,507.0
24,0,R,269,1356.9,1075.6
24,0,R,385,1397.6,1043.3
24,0,R,1541,1393.0,1037.0
24,0,X,2428,1370.0,1060.0
25,0,R,-115,912.1,449.4
25,0,R,181,860.3,228.1
25,0,R,305,878.2,201.2
25,0,X,1506,870.0,235.0
26,0,R,-118,967.8,460.7
26,0,R,222,235.7,158.8
26,0,R,354,220.8,119.6
26,0,X,1013,220.0,130.0
27,0,R,5,1032.3,490.1
27,0,R,185,789.6,839.5
27,0,R,381,779.5,826.4
27,0,R,489,798.1,822.6
27,0,X,1372,790.0,835.0
28,0,R,-119,887.1,313.0
28,0,R,217,332.7,877.4
28,0,R,349,386.2,945.5
28,0,X,1068,395.0,925.0
29,0,R,-116,756.0,412.8
29,0,R,160,1059.9,629.1
29,0,R,284,1111.9,625.9
29,0,X,1089,1080.0,660.0
30,0,R,-118,1028.9,388.1
30,0,R,154,1539.1,202.4
30,0,R,262,1650.8,136.8
30,0,R,394,1671.6,99.3
30,0,X,1341,1630.0,135.0
31,0,R,-117,770.0,278.0
31,0,R,199,395.1,830.4
31,0,R,307,379.3,923.4
31,0,R,499,384.3,920.8
31,0,X,1222,395.0,925.0
32,0,R,-118,912.3,280.6
32,0,R,238,228.7,145.9
32,0,R,390,223.8,103.2
32,0,R,698,207.9,79.4
32,0,R,850,234.9,71.1
32,0,X,958,220.0,130.0
33,0,R,-117,1051.3,524.4
33,0,R,191,1358.0,990.9
33,0,R,315,1411.8,1049.1
33,0,R,987,1390.7,1029.4
33,0,X,1039,1370.0,1060.0
34,0,R,-119,892.4,267.8
34,0,R,177,804.8,700.1
34,0,R,301,794.8,804.2
34,0,X,981,790.0,835.0
35,0,R,-110,869.4,540.3
35,0,R,62,827.6,404.5
35,0,R,202,1116.1,681.3
35,0,R,326,1105.2,649.1
35,0,X,902,1080.0,660.0
36,0,R,-123,837.0,368.1
36,0,R,173,1326.1,350.2
36,0,R,285,1330.7,288.5
36,0,R,601,1322.8,268.6
36,0,X,1001,1290.0,310.0
37,0,R,-124,815.4,326.0
37,0,R,160,443.0,440.2
37,0,X,696,450.0,450.0
38,0,R,-111,1072.8,457.1
38,0,R,169,1553.2,707.8
38,0,R,285,1614.0,709.6
38,0,X,661,1580.0,710.0
39,0,R,-114,917.3,322.7
39,0,R,178,859.7,210.3
39,0,R,350,877.7,191.6
39,0,X,506,870.0,235.0
40,0,R,-118,989.8,449.2
40,0,R,18,986.0,491.9
40,0,R,170,464.3,468.9
40,0,R,290,446.5,401.9
40,0,X,726,450.0,450.0
41,0,R,-115,1164.4,551.1
41,0,R,161,1564.0,635.0
41,0,R,305,1597.7,615.4
41,0,X,697,1580.0,710.0
42,0,R,-111,730.1,295.3
42,0,R,217,740.8,867.0
42,0,R,321,784.7,828.0
42,0,X,717,790.0,835.0
43,0,R,-124,1126.6,282.7
43,0,R,156,1331.5,295.9
43,0,R,484,1322.0,277.4
43,0,X,800,1290.0,310.0
44,0,R,-108,774.6,424.2
44,0,R,208,1308.1,991.3
44,0,R,320,1401.4,1040.9
44,0,X,1176,1370.0,1060.0
45,0,R,-115,1097.2,440.3
45,0,R,45,939.8,341.2
45,0,R,217,869.2,199.9
45,0,X,1249,870.0,235.0
46,0,R,-110,1125.4,480.0
46,0,R,198,1104.5,646.1
46,0,X,1534,1080.0,660.0
47,0,R,-122,1110.6,637.4
47,0,R,54,816.5,410.6
47,0,R,298,1652.0,111.7
47,0,R,494,1661.2,97.5
47,0,X,1160,1630.0,135.0
48,0,R,-117,1142.4,259.4
48,0,R,63,833.7,424.9
48,0,R,247,331.2,949.1
48,0,R,367,391.8,916.1
48,0,R,923,439.2,883.5
48,0,R,1031,385.2,864.3
48,0,X,1153,395.0,925.0
49,0,R,-122,800.1,309.4
49,0,R,226,228.7,57.9
49,0,X,1482,220.0,130.0
50,0,R,18,999.1,420.5
50,0,R,230,423.3,350.5
50,0,R,354,471.3,319.9
50,0,R,790,452.1,301.6
50,0,X,1406,450.0,450.0
51,0,R,-119,993.6,298.9
51,0,R,165,1283.3,184.8
51,0,R,293,1314.3,159.6
51,0,X,1029,1290.0,310.0
52,0,R,-112,818.3,371.1
52,0,R,208,871.0,111.0
52,0,R,344,878.5,130.2
52,0,X,1340,870.0,235.0
53,0,R,-118,968.1,596.5
53,0,R,182,1322.6,951.3
53,0,R,290,1396.2,1016.6
53,0,R,1090,1414.2,1028.7
53,0,R,1206,1394.2,1013.4
53,0,R,1414,1404.5,1021.9
53,0,X,1918,1370.0,1060.0
54,0,R,-108,894.6,429.6
54,0,R,228,366.3,852.5
54,0,R,356,389.9,898.0
54,0,R,1600,397.5,910.5
54,0,X,2160,395.0,925.0
55,0,R,-100,1041.5,440.6
55,0,R,176,1601.9,141.6
55,0,R,284,1669.2,42.3
55,0,X,1080,1630.0,135.0
56,0,R,-111,907.1,294.7
56,0,R,57,595.3,471.1
56,0,R,225,774.8,777.0
56,0,R,349,783.2,785.5
56,0,R,1641,918.1,323.1
56,0,X,1661,790.0,835.0
57,0,R,2,945.3,241.4
57,0,R,190,260.7,103.9
57,0,R,330,215.5,78.4
57,0,R,410,210.4,95.7
57,0,R,482,217.3,80.4
57,0,R,782,229.2,91.0
57,0,X,1450,220.0,130.0
58,0,R,239,973.2,457.8
58,0,R,447,1132.2,739.5
58,0,R,563,1119.4,666.4
58,0,R,683,1121.1,662.6
58,0,X,1487,1080.0,660.0
59,0,R,-111,995.1,551.6
59,0,R,177,1604.9,710.3
59,0,R,305,1646.8,725.9
59,0,R,1109,1636.1,725.4
59,0,R,1781,1064.5,285.0
59,0,X,1740,1580.0,710.0
60,0,R,-120,801.0,194.9
60,0,R,168,516.3,425.1
60,0,R,296,476.3,431.4
60,0,X,1093,450.0,450.0
61,0,R,-116,969.4,309.1
61,0,R,160,845.1,776.2
61,0,R,280,818.3,816.1
61,0,X,1169,790.0,835.0
62,0,R,-123,1082.2,280.0
62,0,R,181,285.5,202.3
62,0,R,285,236.9,118.0
62,0,X,1362,220.0,130.0
63,0,R,-114,999.1,467.4
63,0,R,170,1494.6,675.2
63,0,R,278,1616.6,698.2
63,0,X,915,1580.0,710.0
64,0,R,-111,835.7,307.3
64,0,R,209,1648.7,171.8
64,0,R,337,1685.4,96.9
64,0,X,926,1630.0,135.0
65,0,R,-116,1029.4,286.3
65,0,R,296,1380.1,1025.7
65,0,R,452,1414.5,1039.5
65,0,X,1185,1370.0,1060.0
66,0,R,-125,932.7,339.1
66,0,R,155,1308.4,317.0
66,0,R,295,1335.7,277.9
66,0,X,1232,1290.0,310.0
67,0,R,-110,987.7,389.0
67,0,R,194,398.1,892.3
67,0,R,330,406.6,912.5
67,0,X,1111,395.0,925.0
68,0,R,-115,894.0,266.4
68,0,R,185,1110.3,581.2
68,0,R,313,1093.8,618.9
68,0,R,613,1121.6,632.0
68,0,R,805,1119.9,630.0
68,0,X,1122,1080.0,660.0
69,0,R,-8,811.4,319.2
69,0,R,160,903.9,207.6
69,0,R,332,897.9,182.8
69,0,X,1181,870.0,235.0
70,0,R,-112,952.8,360.1
70,0,R,196,1328.1,966.1
70,0,R,312,1407.9,1020.2
70,0,R,656,1411.1,1027.9
70,0,R,1160,1416.0,1018.1
70,0,X,1349,1370.0,1060.0
71,0,R,-108,920.3,309.1
71,0,R,164,889.1,183.3
71,0,X,967,870.0,235.0
72,0,R,8,1144.7,536.2
72,0,R,244,385.1,905.9
72,0,R,380,405.6,925.1
72,0,R,612,398.0,914.8
72,0,R,824,388.6,919.8
72,0,R,956,402.8,915.3
72,0,X,1399,395.0,925.0
73,0,R,-108,990.0,278.8
73,0,R,204,444.1,431.9
73,0,R,364,469.5,427.7
73,0,R,756,455.1,438.5
73,0,X,1239,450.0,450.0
74,0,R,-118,696.1,298.8
74,0,R,190,1062.6,605.3
74,0,R,314,1128.0,622.3
74,0,X,1413,1080.0,660.0
75,0,R,-111,799.5,229.0
75,0,R,117,237.6,116.8
75,0,R,261,742.5,792.9
75,0,R,381,791.1,790.6
75,0,R,709,816.7,804.2
75,0,R,853,811.9,794.5
75,0,R,1037,793.2,802.4
75,0,R,1269,803.1,788.5
75,0,R,2605,826.0,768.5
75,0,R,2741,798.0,758.6
75,0,X,2692,790.0,835.0
76,0,R,-117,948.8,198.7
76,0,R,179,1536.9,606.6
76,0,R,295,1614.6,672.5
76,0,R,467,1625.7,659.6
76,0,R,915,1598.9,640.0
76,0,R,1035,1621.8,631.8
76,0,X,1390,1580.0,710.0
77,0,R,-117,864.8,189.4
77,0,R,179,242.3,98.0
77,0,R,291,231.5,28.5
77,0,X,1422,220.0,130.0
78,0,R,-121,1061.4,288.8
78,0,R,151,1328.8,264.9
78,0,R,299,1337.6,212.6
78,0,X,1124,1290.0,310.0
79,0,R,-116,944.4,223.2
79,0,R,224,1643.9,149.7
79,0,R,324,1677.3,58.7
79,0,X,967,1630.0,135.0
80,0,R,-124,887.2,286.2
80,0,R,156,1359.5,294.4
80,0,R,292,1336.7,244.4
80,0,R,1832,1337.6,278.9
80,0,X,1783,1290.0,310.0
81,0,R,-124,917.8,377.4
81,0,R,200,253.4,134.6
81,0,R,316,234.9,79.7
81,0,R,972,225.5,62.7
81,0,X,1263,220.0,130.0
82,0,R,-111,1009.5,485.5
82,0,R,181,1624.7,125.8
82,0,R,301,1673.5,65.2
82,0,R,1373,954.3,254.6
82,0,X,1316,1630.0,135.0
83,0,R,-108,871.8,333.5
83,0,R,236,345.8,884.5
83,0,R,360,394.8,881.3
83,0,X,1055,395.0,925.0
84,0,R,-119,1016.2,229.6
84,0,R,225,1327.7,1038.5
84,0,R,329,1404.5,1007.3
84,0,R,537,1397.7,1003.7
84,0,R,1053,808.3,369.0
84,0,X,997,1370.0,1060.0
85,0,R,-111,841.4,275.7
85,0,R,121,362.8,294.3
85,0,R,281,1525.8,697.7
85,0,R,401,1629.7,672.3
85,0,X,1221,1580.0,710.0
86,0,R,-121,864.0,245.8
86,0,R,159,883.8,180.2
86,0,X,883,870.0,235.0
87,0,R,-108,900.3,175.6
87,0,R,208,463.8,416.3
87,0,R,932,451.5,413.1
87,0,R,1048,464.3,405.3
87,0,X,1208,450.0,450.0
88,0,R,-117,1063.8,414.1
88,0,R,183,1107.0,615.9
88,0,X,879,1080.0,660.0
89,0,R,-112,799.5,272.9
89,0,R,216,773.3,838.0
89,0,R,328,809.1,790.5
89,0,X,988,790.0,835.0
90,0,R,-120,802.1,276.4
90,0,R,348,1375.3,1008.7
90,0,R,528,1417.2,1010.6
90,0,X,1340,1370.0,1060.0
91,0,R,-118,871.6,431.5
91,0,R,222,772.3,813.0
91,0,R,430,810.1,792.2
91,0,X,1358,790.0,835.0
92,0,R,-117,823.9,784.7
92,0,R,123,938.4,353.1
92,0,R,267,1592.9,618.4
92,0,R,439,1626.7,657.6
92,0,X,1935,1580.0,710.0
93,0,R,-124,991.1,396.4
93,0,R,188,272.5,198.5
93,0,R,296,236.0,122.4
93,0,R,444,229.1,84.5
93,0,X,1432,220.0,130.0
94,0,R,-110,1175.6,458.7
94,0,R,166,1091.6,636.4
94,0,R,294,1114.3,609.9
94,0,X,1038,1080.0,660.0
95,0,R,-120,979.5,340.9
95,0,R,184,883.9,157.5
95,0,R,420,874.3,157.3
95,0,R,532,896.1,148.8
95,0,R,752,891.1,142.6
95,0,X,1156,870.0,235.0
96,0,R,-119,1101.2,436.9
96,0,R,117,1087.5,916.8
96,0,R,269,379.9,901.8
96,0,R,537,360.8,937.6
96,0,R,1281,352.8,927.8
96,0,R,1489,362.7,926.8
96,0,X,2181,395.0,925.0
97,0,R,-111,1108.2,503.0
97,0,R,157,1289.6,337.0
97,0,R,285,1295.1,293.8
97,0,R,581,1297.8,300.6
97,0,X,1173,1290.0,310.0
98,0,R,-117,1243.5,732.4
98,0,R,175,1554.9,271.1
98,0,R,283,1614.2,188.5
98,0,R,423,1644.8,128.3
98,0,X,2037,1630.0,135.0
99,0,R,-122,903.6,444.8
99,0,R,162,480.2,481.0
99,0,R,282,431.2,465.0
99,0,R,786,444.7,449.3
99,0,X,1106,450.0,450.0
100,0,R,-118,981.5,463.6
100,0,R,210,1040.4,713.9
100,0,R,330,1070.2,682.2
100,0,R,518,1076.8,660.2
100,0,X,942,1080.0,660.0
101,0,R,-116,849.7,355.0
101,0,R,224,1606.7,205.0
101,0,R,344,1646.8,135.0
101,0,X,1264,1630.0,135.0
102,0,R,-111,605.2,580.3
102,0,R,165,812.9,302.4
102,0,R,277,862.5,214.8
102,0,X,1389,870.0,235.0
103,0,R,-120,980.4,439.0
103,0,R,160,782.0,805.9
103,0,R,1264,936.0,365.6
103,0,X,1308,790.0,835.0
104,0,R,59,715.9,202.3
104,0,R,219,254.0,93.1
104,0,R,379,243.7,67.3
104,0,R,871,216.4,52.0
104,0,R,979,240.6,50.3
104,0,X,1447,220.0,130.0
105,0,R,-111,1061.7,375.7
105,0,R,85,722.8,643.8
105,0,R,217,472.3,422.9
105,0,R,649,465.4,416.4
105,0,R,1537,462.9,478.4
105,0,X,1541,450.0,450.0
106,0,R,-118,955.7,319.5
106,0,R,142,1318.2,300.7
106,0,R,270,1356.0,284.1
106,0,R,478,1346.1,255.6
106,0,X,1038,1290.0,310.0
107,0,R,-120,414.5,376.8
107,0,R,196,1330.5,877.8
107,0,R,332,1407.1,1049.3
107,0,R,624,1421.3,1081.0
107,0,R,1756,1175.5,862.0
107,0,R,1796,1193.2,829.8
107,0,X,1764,1370.0,1060.0
108,0,R,-107,432.2,128.5
108,0,R,205,1531.1,571.9
108,0,R,329,1617.9,580.9
108,0,R,781,1597.0,564.2
108,0,X,1429,1580.0,710.0
109,0,R,-113,833.5,149.6
109,0,R,207,403.1,656.4
109,0,R,331,421.5,730.2
109,0,X,1380,395.0,925.0
110,0,R,-112,924.7,87.3
110,0,R,196,890.5,91.5
110,0,X,1013,870.0,235.0
111,0,R,-113,1050.6,448.4
111,0,R,171,443.6,398.5
111,0,R,283,473.3,358.5
111,0,R,563,470.1,347.7
111,0,X,932,450.0,450.0
112,0,R,-110,1120.8,268.2
112,0,R,198,1114.2,616.0
112,0,X,991,1080.0,660.0
113,0,R,-119,921.6,401.4
113,0,R,221,1363.4,1036.9
113,0,R,369,1417.3,1018.5
113,0,R,1273,1035.3,319.7
113,0,X,1270,1370.0,1060.0
114,0,R,-122,888.3,266.6
114,0,R,106,733.1,309.7
114,0,R,262,761.6,806.1
114,0,R,402,808.6,792.1
114,0,X,1147,790.0,835.0
115,0,R,-112,938.4,390.8
115,0,R,148,1469.0,500.9
115,0,R,260,1633.4,661.6
115,0,R,532,1627.5,673.0
115,0,X,1797,1580.0,710.0
116,0,R,-113,922.4,169.2
116,0,R,83,728.4,693.7
116,0,R,215,1352.8,327.0
116,0,R,339,1345.3,272.8
116,0,R,579,1343.8,252.5
116,0,X,900,1290.0,310.0
117,0,R,-124,812.1,384.6
117,0,R,184,417.4,868.6
117,0,R,304,400.2,903.9
117,0,X,823,395.0,925.0
118,0,R,-117,809.6,253.3
118,0,R,199,230.1,143.7
118,0,R,315,242.2,99.7
118,0,X,726,220.0,130.0
119,0,R,-114,1068.9,568.3
119,0,R,202,1575.9,203.2
119,0,R,306,1669.8,119.9
119,0,R,470,1683.4,66.7
119,0,X,1177,1630.0,135.0
120,0,R,-113,714.3,540.1
120,0,R,191,815.4,809.4
120,0,R,387,811.9,796.3
120,0,R,795,775.8,227.4
120,0,X,738,790.0,835.0
121,0,R,-119,815.9,191.0
121,0,R,217,384.7,876.7
121,0,R,361,404.6,891.8
121,0,X,980,395.0,925.0
122,0,R,-111,818.2,245.1
122,0,R,185,234.4,149.9
122,0,R,285,248.3,107.6
122,0,R,453,232.4,93.4
122,0,R,633,245.2,84.7
122,0,X,1052,220.0,130.0
123,0,R,-121,1131.3,518.3
123,0,R,179,1621.3,701.2
123,0,R,347,1631.1,664.3
123,0,R,1191,561.3,237.5
123,0,X,1122,1580.0,710.0
124,0,R,-119,395.6,82.6
124,0,R,261,1631.6,143.7
124,0,R,409,1687.2,70.1
124,0,R,1665,1683.6,65.6
124,0,X,2524,1630.0,135.0
125,0,R,-118,836.2,521.7
125,0,R,158,1119.7,613.3
125,0,X,1325,1080.0,660.0
126,0,R,-115,1012.2,219.7
126,0,R,149,898.2,185.0
126,0,X,1304,870.0,235.0
127,0,R,-122,1099.9,416.3
127,0,R,170,484.4,458.8
127,0,R,298,471.8,400.2
127,0,X,1307,450.0,450.0
128,0,R,-119,1119.7,873.9
128,0,R,169,1446.6,1034.0
128,0,R,301,1428.1,1023.9
128,0,R,757,1431.8,1008.1
128,0,X,1038,1370.0,1060.0
129,0,R,-17,1610.3,19.4
129,0,R,179,1304.1,227.5
129,0,R,299,1343.6,233.2
129,0,X,1036,1290.0,310.0
130,0,R,-121,912.0,689.0
130,0,R,235,1652.2,689.3
130,0,R,387,1646.2,661.8
130,0,R,971,1617.2,652.0
130,0,R,1075,1639.4,653.1
130,0,X,1666,1580.0,710.0
131,0,R,-109,1017.9,359.5
131,0,R,203,254.0,143.4
131,0,R,319,248.2,64.8
131,0,X,1566,220.0,130.0
132,0,R,-124,1005.4,552.3
132,0,R,156,1143.2,599.0
132,0,R,352,1124.3,597.9
132,0,X,967,1080.0,660.0
133,0,R,-124,921.2,257.7
133,0,R,152,910.3,182.3
133,0,R,332,913.2,153.9
133,0,X,759,870.0,235.0
134,0,R,-82,1376.5,647.6
134,0,R,178,495.5,528.8
134,0,R,282,510.0,438.7
134,0,R,370,466.9,405.8
134,0,X,1121,450.0,450.0
135,0,R,-120,1266.0,355.4
135,0,R,184,1638.2,109.6
135,0,R,316,1683.5,74.8
135,0,R,672,1686.1,61.6
135,0,X,1163,1630.0,135.0
136,0,R,-111,748.3,407.0
136,0,R,169,1119.5,377.0
136,0,R,237,1350.7,244.9
136,0,R,937,1328.2,230.2
136,0,R,1049,1346.5,225.6
136,0,X,1245,1290.0,310.0
137,0,R,-113,678.4,302.8
137,0,R,183,798.7,707.9
137,0,R,323,807.4,772.2
137,0,R,627,827.6,772.1
137,0,R,843,808.7,767.9
137,0,R,1011,822.0,758.8
137,0,X,1107,790.0,835.0
138,0,R,-118,775.5,221.0
138,0,R,230,1346.8,866.8
138,0,R,346,1425.5,983.3
138,0,X,1502,1370.0,1060.0
139,0,R,-123,966.1,249.5
139,0,R,221,356.6,889.8
139,0,R,345,418.1,886.2
139,0,R,765,392.1,887.0
139,0,R,873,417.4,881.4
139,0,R,1445,762.3,319.2
139,0,X,1417,395.0,925.0
140,0,R,-124,788.8,291.2
140,0,R,184,261.2,122.9
140,0,R,304,246.8,68.3
140,0,X,1392,220.0,130.0
141,0,R,-119,1011.3,407.3
141,0,R,161,1131.7,591.2
141,0,X,871,1080.0,660.0
142,0,R,-120,951.8,264.1
142,0,R,184,1574.3,572.1
142,0,R,300,1631.9,643.6
142,0,R,508,1641.1,649.8
142,0,X,1716,1580.0,710.0
143,0,R,-109,867.1,250.9
143,0,R,151,912.8,147.0
143,0,X,855,870.0,235.0
144,0,R,-120,934.3,465.8
144,0,R,192,1584.4,180.7
144,0,R,304,1671.2,76.2
144,0,R,440,1701.0,39.4
144,0,R,904,1697.8,30.8
144,0,X,1380,1630.0,135.0
145,0,R,-112,915.5,381.9
145,0,R,204,402.5,837.4
145,0,R,344,428.3,874.7
145,0,R,636,440.1,863.0
145,0,R,772,421.2,863.3
145,0,X,1068,395.0,925.0
146,0,R,125,1045.7,262.1
146,0,R,269,1370.1,222.4
146,0,X,1217,1290.0,310.0
147,0,R,-108,985.7,246.5
147,0,R,288,1431.4,956.6
147,0,R,416,1424.9,972.0
147,0,R,1424,1081.9,395.7
147,0,X,1440,1370.0,1060.0
148,0,R,-120,917.0,295.1
148,0,R,80,657.1,259.0
148,0,R,224,483.5,364.2
148,0,R,412,475.6,378.0
148,0,X,926,450.0,450.0
149,0,R,-116,1117.2,389.2
149,0,R,212,787.3,780.1
149,0,R,340,837.4,762.0
149,0,X,928,790.0,835.0
150,0,R,-113,1083.0,414.8
150,0,R,171,1125.0,562.8
150,0,R,347,1134.3,586.7
150,0,X,643,1080.0,660.0
151,0,R,-115,859.7,337.8
151,0,R,173,290.0,150.8
151,0,R,261,264.2,98.5
151,0,R,405,255.0,69.3
151,0,X,1489,220.0,130.0
152,0,R,-119,1062.8,443.2
152,0,R,193,480.2,463.0
152,0,R,301,474.3,404.4
152,0,X,1093,450.0,450.0
153,0,R,-115,1120.3,357.0
153,0,R,225,781.7,830.4
153,0,R,349,827.9,793.7
153,0,R,1229,903.2,352.5
153,0,X,1289,790.0,835.0
154,0,R,-120,1022.9,201.3
154,0,R,232,452.9,863.1
154,0,R,344,415.6,887.4
154,0,R,1404,749.7,387.0
154,0,X,1348,395.0,925.0
155,0,R,-110,1058.4,252.1
155,0,R,206,1682.0,64.6
155,0,R,778,1684.9,42.1
155,0,X,1342,1630.0,135.0
156,0,R,-116,858.9,340.8
156,0,R,196,1328.9,901.5
156,0,R,316,1418.8,964.0
156,0,X,1568,1370.0,1060.0
157,0,R,-107,686.1,161.4
157,0,R,149,916.8,163.5
157,0,X,833,870.0,235.0
158,0,R,-109,551.1,356.9
158,0,R,175,1270.8,313.0
158,0,R,299,1358.3,232.9
158,0,X,927,1290.0,310.0
159,0,R,-114,781.4,293.5
159,0,R,202,1559.7,633.3
159,0,R,322,1639.3,644.5
159,0,R,1122,1624.6,640.0
159,0,X,2410,1580.0,710.0
160,0,R,-116,556.0,240.2
160,0,R,212,833.9,819.1
160,0,R,312,812.4,786.0
160,0,X,1112,790.0,835.0
161,0,R,-111,736.4,334.6
161,0,R,153,487.1,391.9
161,0,R,373,461.0,392.3
161,0,R,481,488.6,385.3
161,0,X,1204,450.0,450.0
162,0,R,-57,1016.8,370.6
162,0,R,175,1138.5,566.8
162,0,R,335,1136.1,581.4
162,0,X,548,1080.0,660.0
163,0,R,-111,992.0,273.2
163,0,R,221,389.8,799.5
163,0,R,337,418.1,859.3
163,0,X,1302,395.0,925.0
164,0,R,-109,852.9,427.2
164,0,R,159,1257.3,289.0
164,0,R,275,1337.7,230.5
164,0,R,483,1347.5,210.9
164,0,X,2002,1290.0,310.0
165,0,R,-125,1361.2,219.5
165,0,R,131,636.4,464.3
165,0,R,279,1358.2,1036.5
165,0,R,379,1438.2,989.5
165,0,R,1163,1022.1,270.9
165,0,X,1152,1370.0,1060.0
166,0,R,-124,668.5,208.9
166,0,R,172,301.8,150.3
166,0,R,276,262.2,88.7
166,0,R,448,259.2,62.1
166,0,X,1257,220.0,130.0
167,0,R,-117,968.3,448.0
167,0,R,167,906.9,231.8
167,0,R,255,907.5,164.5
167,0,X,950,870.0,235.0
168,0,R,-123,957.8,508.6
168,0,R,225,1628.4,76.4
168,0,R,349,1688.4,42.1
168,0,X,1096,1630.0,135.0
169,0,R,-112,981.3,377.7
169,0,R,176,1640.6,632.2
169,0,R,316,1626.5,639.3
169,0,R,484,1648.6,636.3
169,0,X,1219,1580.0,710.0
170,0,R,-121,791.2,196.0
170,0,R,199,1671.3,122.7
170,0,R,319,1688.4,65.0
170,0,R,499,1700.1,28.1
170,0,X,1122,1630.0,135.0
171,0,R,-43,1066.5,428.6
171,0,R,201,326.5,147.2
171,0,R,309,261.7,62.0
171,0,X,1252,220.0,130.0
172,0,R,-121,1026.0,422.1
172,0,R,195,1414.4,902.4
172,0,R,319,1432.0,955.6
172,0,X,1218,1370.0,1060.0
173,0,R,-108,858.5,240.4
173,0,R,200,401.9,832.9
173,0,R,344,422.2,876.6
173,0,X,1121,395.0,925.0
174,0,R,-82,1085.2,327.6
174,0,R,198,1129.1,589.7
174,0,X,851,1080.0,660.0
175,0,R,-124,803.6,245.0
175,0,R,224,1363.9,245.8
175,0,R,464,1359.7,226.6
175,0,X,1209,1290.0,310.0
176,0,R,-117,1148.3,314.9
176,0,R,187,786.6,787.7
176,0,R,323,829.4,777.3
176,0,X,984,790.0,835.0
177,0,R,-77,963.0,258.9
177,0,R,195,906.5,145.3
177,0,X,1224,870.0,235.0
178,0,R,-118,924.9,242.5
178,0,R,186,1541.0,639.1
178,0,R,306,1639.7,638.2
178,0,X,1199,1580.0,710.0
179,0,R,-108,1106.3,307.7
179,0,R,188,442.8,427.9
179,0,R,300,495.6,399.1
179,0,R,444,462.9,397.4
179,0,R,560,486.4,383.3
179,0,X,1191,450.0,450.0
180,0,R,-117,1212.9,335.9
180,0,R,199,1427.1,925.2
180,0,R,327,1432.6,968.4
180,0,R,1135,1024.1,288.1
180,0,X,1166,1370.0,1060.0
181,0,R,-124,899.4,329.7
181,0,R,196,1319.9,278.8
181,0,R,332,1348.5,233.3
181,0,X,1191,1290.0,310.0
182,0,R,-116,784.5,227.0
182,0,R,204,272.3,127.2
182,0,R,316,247.8,77.3
182,0,X,1319,220.0,130.0
183,0,R,-122,1210.7,241.7
183,0,R,286,424.1,871.7
183,0,R,926,419.9,860.4
183,0,R,1262,421.1,857.4
183,0,R,2250,430.3,862.7
183,0,R,2494,892.7,466.3
183,0,X,2553,395.0,925.0
184,0,R,-122,1258.0,266.1
184,0,R,174,634.6,869.0
184,0,R,290,814.0,792.4
184,0,R,494,840.5,768.9
184,0,R,830,856.2,758.3
184,0,R,954,832.7,764.2
184,0,R,1650,814.2,760.3
184,0,R,1834,848.3,775.6
184,0,R,2566,834.1,769.9
184,0,R,2758,822.8,760.8
184,0,R,2894,845.9,762.9
184,0,X,3489,790.0,835.0
185,0,R,-120,1175.3,282.0
185,0,R,216,1153.7,600.9
185,0,R,1432,1153.6,573.6
185,0,X,1555,1080.0,660.0
186,0,R,-119,987.9,160.3
186,0,R,145,911.2,150.8
186,0,X,925,870.0,235.0
187,0,R,23,498.6,524.4
187,0,R,211,1465.8,655.8
187,0,R,323,1657.9,646.5
187,0,X,1127,1580.0,710.0
188,0,R,-114,943.5,207.0
188,0,R,166,511.5,396.7
188,0,R,310,494.1,387.3
188,0,X,922,450.0,450.0
189,0,R,-117,1034.2,250.5
189,0,R,171,1637.9,124.5
189,0,R,287,1701.3,60.0
189,0,R,487,1706.7,27.1
189,0,R,903,1768.7,50.9
189,0,R,1027,1709.5,57.5
189,0,R,1179,1691.7,68.0
189,0,X,3565,1630.0,135.0
190,0,R,-112,1059.4,515.5
190,0,R,156,1150.2,618.8
190,0,R,332,1133.0,607.3
190,0,X,1028,1080.0,660.0
191,0,R,10,797.2,132.0
191,0,R,174,1317.3,239.9
191,0,R,310,1363.2,243.7
191,0,X,1954,1290.0,310.0
192,0,R,-121,876.3,324.6
192,0,R,191,816.4,745.1
192,0,R,319,815.9,792.8
192,0,X,667,790.0,835.0
193,0,R,-108,840.3,234.8
193,0,R,124,570.2,394.9
193,0,R,216,1581.2,132.1
193,0,R,336,1688.0,71.8
193,0,X,688,1630.0,135.0
194,0,R,-121,923.9,452.4
194,0,R,211,396.1,932.7
194,0,R,343,425.1,889.1
194,0,R,771,811.7,312.9
194,0,X,725,395.0,925.0
195,0,R,-17,1133.0,236.0
195,0,R,195,1621.4,636.5
195,0,R,391,1643.9,651.3
195,0,R,647,1651.8,640.1
195,0,X,871,1580.0,710.0
196,0,R,-88,634.8,260.7
196,0,R,144,285.6,100.5
196,0,R,276,254.3,52.4
196,0,R,572,258.2,37.8
196,0,X,628,220.0,130.0
197,0,R,-113,964.5,373.6
197,0,R,87,1174.0,630.7
197,0,R,223,1385.1,965.2
197,0,R,355,1428.2,998.2
197,0,X,611,1370.0,1060.0
198,0,R,-113,935.9,240.3
198,0,R,71,433.9,508.4
198,0,R,223,899.4,251.8
198,0,R,347,909.7,176.4
198,0,X,915,870.0,235.0
199,0,R,-110,959.2,450.5
199,0,R,154,486.5,452.6
199,0,R,262,493.8,396.2
199,0,X,822,450.0,450.0
0,1,R,-113,963.6,597.4
0,1,R,367,853.1,280.3
0,1,R,479,860.9,225.9
0,1,X,1385,870.0,235.0
1,1,R,-55,989.0,557.5
1,1,R,189,383.4,932.7
1,1,R,753,377.4,950.1
1,1,R,869,389.4,936.1
1,1,X,1953,395.0,925.0
2,1,R,10,1516.1,459.2
2,1,R,194,771.5,814.7
2,1,R,306,805.5,858.9
2,1,R,1178,818.6,914.7
2,1,X,1914,790.0,835.0
3,1,R,-114,1043.1,323.0
3,1,R,70,333.9,435.6
3,1,R,234,1143.6,656.0
3,1,R,350,1112.8,702.1
3,1,X,1044,1080.0,660.0
4,1,R,-18,906.9,496.3
4,1,R,190,1510.3,748.1
4,1,R,306,1618.5,799.0
4,1,R,910,1612.7,969.3
4,1,X,882,1580.0,710.0
5,1,R,-109,1061.4,991.7
5,1,R,219,1334.0,642.4
5,1,R,363,1343.5,566.3
5,1,R,667,1317.5,569.9
5,1,R,803,1316.9,491.5
5,1,R,915,1324.6,452.6
5,1,R,1059,1314.2,333.3
5,1,R,1171,1316.8,400.0
5,1,R,1379,1310.3,424.9
5,1,R,1431,1315.4,380.2
5,1,R,1475,1306.7,428.5
5,1,X,1927,1290.0,310.0
6,1,R,-115,1336.8,744.5
6,1,R,105,697.5,730.4
6,1,R,229,454.7,545.8
6,1,R,353,480.1,476.8
6,1,R,837,442.4,470.8
6,1,X,985,450.0,450.0
7,1,R,-123,1112.7,476.4
7,1,R,185,1602.3,272.7
7,1,R,301,1678.7,220.2
7,1,R,905,1681.8,218.4
7,1,X,1321,1630.0,135.0
8,1,R,11,739.8,702.3
8,1,R,283,207.4,202.0
8,1,R,427,211.7,155.7
8,1,R,671,217.4,133.1
8,1,X,1435,220.0,130.0
9,1,R,-112,721.3,1404.8
9,1,R,132,944.6,617.0
9,1,R,276,1343.7,1142.7
9,1,X,1120,1370.0,1060.0
10,1,R,-121,970.3,537.3
10,1,R,59,881.1,537.1
10,1,R,251,732.7,935.1
10,1,R,439,751.2,906.7
10,1,R,747,735.6,1119.5
10,1,R,915,654.7,1373.4
10,1,R,1039,583.8,1540.1
10,1,R,1323,750.2,1164.5
10,1,R,1399,773.2,897.5
10,1,R,2083,861.8,380.3
10,1,X,2027,790.0,835.0
11,1,R,17,866.6,704.3
11,1,R,197,398.8,865.8
11,1,R,345,412.9,548.4
11,1,X,1193,450.0,450.0
12,1,R,-115,1000.3,360.5
12,1,R,193,1278.1,922.6
12,1,R,313,1340.8,1040.0
12,1,X,1610,1370.0,1060.0
13,1,R,-117,1006.5,398.1
13,1,R,159,873.0,375.0
13,1,R,283,802.2,41.2
13,1,R,1095,826.1,58.5
13,1,X,1320,870.0,235.0
14,1,R,32,789.0,674.2
14,1,R,232,1591.3,806.4
14,1,R,396,1618.3,900.1
14,1,R,468,1518.9,1369.6
14,1,R,700,1611.7,1083.0
14,1,X,1595,1580.0,710.0
15,1,R,51,434.6,615.0
15,1,R,207,1066.2,796.4
15,1,R,315,1133.8,822.6
15,1,R,503,1126.1,816.8
15,1,R,1155,1117.4,540.1
15,1,X,1170,1080.0,660.0
16,1,R,-20,796.9,530.5
16,1,R,180,424.1,1030.4
16,1,R,324,403.7,1056.0
16,1,R,516,409.3,1052.3
16,1,X,803,395.0,925.0
17,1,R,-123,1093.6,481.7
17,1,R,185,1643.7,304.1
17,1,R,305,1693.8,272.3
17,1,X,1490,1630.0,135.0
18,1,R,-119,2798.1,627.0
18,1,R,37,3153.4,478.8
18,1,R,505,3270.0,408.1
18,1,R,685,3270.0,369.5
18,1,R,1085,3270.0,729.0
18,1,R,1261,3270.0,790.5
18,1,R,2057,1495.7,578.3
18,1,R,2201,1395.2,558.9
18,1,R,2385,1379.0,503.6
18,1,X,3390,1290.0,310.0
19,1,R,62,1206.2,1157.5
19,1,R,334,304.8,483.8
19,1,R,454,263.2,367.2
19,1,R,558,249.1,300.0
19,1,X,1547,220.0,130.0
20,1,R,-112,979.1,650.1
20,1,R,176,528.3,680.9
20,1,R,280,470.4,682.3
20,1,R,1644,1146.1,698.7
20,1,X,1581,450.0,450.0
21,1,R,-112,1141.2,619.3
21,1,R,112,931.9,696.5
21,1,R,212,937.3,552.6
21,1,R,352,841.4,1109.7
21,1,R,736,879.9,974.3
21,1,R,996,905.2,847.0
21,1,X,1581,870.0,235.0
22,1,R,-112,1054.2,928.8
22,1,R,172,1109.8,674.9
22,1,X,1045,1080.0,660.0
23,1,R,-114,1056.4,372.6
23,1,R,226,238.5,239.1
23,1,R,334,278.9,205.1
23,1,R,466,278.5,198.5
23,1,X,1227,220.0,130.0
24,1,R,-115,1034.7,488.5
24,1,R,153,1372.1,443.1
24,1,R,261,1354.3,361.4
24,1,R,441,1294.3,148.7
24,1,X,1650,1290.0,310.0
25,1,R,-125,712.3,345.3
25,1,R,207,752.0,732.8
25,1,R,323,770.5,741.5
25,1,X,1374,790.0,835.0
26,1,R,-116,1080.1,386.2
26,1,R,120,834.8,619.6
26,1,R,244,388.0,980.1
26,1,R,432,413.3,1006.9
26,1,R,1016,379.1,1010.9
26,1,R,1244,398.3,963.1
26,1,X,1767,395.0,925.0
27,1,R,-74,1464.1,621.9
27,1,R,170,1581.2,292.9
27,1,R,290,1678.6,260.0
27,1,R,454,1702.6,253.7
27,1,X,1247,1630.0,135.0
28,1,R,-110,751.6,529.9
28,1,R,194,1292.7,1051.9
28,1,R,318,1388.5,1161.6
28,1,R,470,1425.5,1173.2
28,1,X,1125,1370.0,1060.0
29,1,R,1,826.9,868.6
29,1,R,189,1528.8,833.3
29,1,R,313,1650.2,843.2
29,1,X,896,1580.0,710.0
30,1,R,13,865.9,497.4
30,1,R,209,791.3,971.3
30,1,R,313,811.0,910.0
30,1,R,617,813.2,894.9
30,1,R,813,802.2,463.8
30,1,X,764,790.0,835.0
31,1,R,-22,510.8,625.2
31,1,R,210,1147.2,733.8
31,1,R,346,1117.5,723.1
31,1,R,570,1132.0,716.1
31,1,R,790,1109.7,715.6
31,1,R,922,1136.1,720.7
31,1,X,941,1080.0,660.0
32,1,R,-76,946.0,531.0
32,1,R,156,1318.3,446.8
32,1,R,272,1377.3,429.1
32,1,R,344,1370.3,402.4
32,1,R,384,1379.9,449.2
32,1,R,504,1386.6,423.3
32,1,R,548,1401.5,456.0
32,1,X,591,1290.0,310.0
33,1,R,9,1118.3,657.3
33,1,R,205,488.9,606.8
33,1,R,365,511.2,485.4
33,1,X,1240,450.0,450.0
34,1,R,-118,1138.4,646.3
34,1,R,178,1608.2,334.3
34,1,R,290,1727.9,241.3
34,1,X,1141,1630.0,135.0
35,1,R,-116,831.2,394.4
35,1,R,84,580.8,776.8
35,1,R,272,1362.8,1049.0
35,1,R,404,1431.4,1092.4
35,1,R,608,1441.0,1138.3
35,1,R,1452,1446.3,1142.5
35,1,X,1447,1370.0,1060.0
36,1,R,-110,829.7,431.8
36,1,R,122,1076.6,347.5
36,1,R,246,979.0,357.7
36,1,R,454,978.3,330.0
36,1,X,685,870.0,235.0
37,1,R,-28,778.8,579.5
37,1,R,200,1569.2,752.2
37,1,R,316,1677.8,823.9
37,1,X,1577,1580.0,710.0
38,1,R,-114,966.3,349.3
38,1,R,210,466.8,952.9
38,1,R,330,438.6,1040.2
38,1,R,550,456.8,1025.2
38,1,X,834,395.0,925.0
39,1,R,-33,1389.1,602.9
39,1,R,191,446.2,383.4
39,1,R,295,293.4,280.6
39,1,R,423,312.3,202.8
39,1,X,873,220.0,130.0
40,1,R,-118,1124.2,532.3
40,1,R,170,979.8,376.3
40,1,R,250,976.7,318.6
40,1,X,806,870.0,235.0
41,1,R,-119,1161.6,638.6
41,1,R,173,1395.0,410.9
41,1,R,309,1422.1,382.8
41,1,X,829,1290.0,310.0
42,1,R,-112,955.8,429.8
42,1,R,164,891.6,782.6
42,1,R,284,880.8,903.5
42,1,R,1372,990.8,388.4
42,1,X,1332,790.0,835.0
43,1,R,-110,1057.2,447.1
43,1,R,190,1669.4,245.1
43,1,R,298,1737.1,204.8
43,1,R,586,1758.3,200.6
43,1,X,1126,1630.0,135.0
44,1,R,-113,849.7,276.1
44,1,R,179,1154.8,667.9
44,1,R,303,1210.5,730.3
44,1,R,487,1202.0,728.9
44,1,X,601,1080.0,660.0
45,1,R,-124,943.2,403.2
45,1,R,192,1609.4,685.5
45,1,R,320,1703.7,773.8
45,1,R,616,1724.0,850.0
45,1,X,1280,1580.0,710.0
46,1,R,-111,945.2,354.8
46,1,R,185,327.8,289.5
46,1,R,297,326.3,224.6
46,1,R,621,317.1,208.2
46,1,X,765,220.0,130.0
47,1,R,-110,1070.4,685.9
47,1,R,174,523.6,595.5
47,1,R,322,531.9,548.6
47,1,X,814,450.0,450.0
48,1,R,-110,1172.9,510.2
48,1,R,122,866.0,668.8
48,1,R,230,553.1,997.1
48,1,R,346,477.9,1036.6
48,1,X,1278,395.0,925.0
49,1,R,-114,867.3,542.0
49,1,R,194,1318.0,988.9
49,1,R,326,1399.6,1198.5
49,1,X,1650,1370.0,1060.0
50,1,R,-108,1289.8,442.9
50,1,R,224,423.6,930.9
50,1,R,340,437.4,1002.8
50,1,R,716,441.1,997.0
50,1,X,1216,395.0,925.0
51,1,R,11,1064.8,354.2
51,1,R,175,922.9,284.3
51,1,R,359,948.1,265.7
51,1,X,751,870.0,235.0
52,1,R,-124,972.4,776.3
52,1,R,176,1347.8,1054.1
52,1,R,296,1431.7,1099.0
52,1,R,720,1477.5,1133.8
52,1,R,832,1449.5,1114.3
52,1,X,1144,1370.0,1060.0
53,1,R,-116,1345.3,467.1
53,1,R,176,1688.8,748.6
53,1,R,316,1698.0,802.7
53,1,X,1242,1580.0,710.0
54,1,R,-84,1345.6,1351.7
54,1,R,248,1495.9,1415.1
54,1,R,384,1545.0,1360.7
54,1,R,500,1741.1,269.9
54,1,X,1656,1630.0,135.0
55,1,R,-111,841.9,512.2
55,1,R,161,1179.3,265.5
55,1,R,269,1249.9,161.1
55,1,R,401,1333.4,220.8
55,1,R,529,1317.4,167.5
55,1,R,985,1402.3,706.8
55,1,R,1077,1429.6,388.0
55,1,R,1209,1420.2,471.4
55,1,R,1817,1384.3,484.4
55,1,R,1945,1400.3,488.5
55,1,X,2005,1290.0,310.0
56,1,R,-29,600.5,734.4
56,1,R,183,526.6,630.9
56,1,R,335,525.4,586.1
56,1,X,827,450.0,450.0
57,1,R,-114,1005.6,634.2
57,1,R,146,1198.9,804.6
57,1,R,282,1171.9,804.8
57,1,X,1154,1080.0,660.0
58,1,R,-121,923.6,531.0
58,1,R,175,337.7,378.6
58,1,R,267,301.7,312.5
58,1,R,387,299.6,239.0
58,1,X,1259,220.0,130.0
59,1,R,-116,938.2,610.8
59,1,R,196,847.3,935.3
59,1,R,372,850.4,915.6
59,1,X,1288,790.0,835.0
60,1,R,-120,912.4,423.0
60,1,R,192,1590.3,749.4
60,1,R,316,1630.1,795.7
60,1,R,524,1674.7,835.3
60,1,X,1372,1580.0,710.0
61,1,R,-120,1103.6,495.2
61,1,R,148,1099.4,769.7
61,1,R,268,1176.4,781.3
61,1,R,1144,1137.2,499.6
61,1,X,1252,1080.0,660.0
62,1,R,-123,1155.9,483.8
62,1,R,173,532.0,582.3
62,1,X,1593,450.0,450.0
63,1,R,-115,1071.4,535.6
63,1,R,197,931.2,407.9
63,1,R,297,978.1,366.4
63,1,R,505,974.5,348.7
63,1,R,1257,1171.2,521.2
63,1,X,1241,870.0,235.0
64,1,R,-118,867.3,764.4
64,1,R,170,472.7,1051.3
64,1,R,1030,703.6,623.7
64,1,X,983,395.0,925.0
65,1,R,-109,967.9,482.3
65,1,R,219,1330.8,1159.6
65,1,R,319,1452.8,1153.5
65,1,R,1495,1063.7,463.8
65,1,X,1480,1370.0,1060.0
66,1,R,-113,1121.5,390.3
66,1,R,187,316.5,341.2
66,1,R,311,326.2,243.6
66,1,X,1084,220.0,130.0
67,1,R,-108,1123.1,516.5
67,1,R,144,1403.8,440.7
67,1,X,1105,1290.0,310.0
68,1,R,-121,1036.8,692.1
68,1,R,199,882.2,953.0
68,1,R,327,862.7,945.7
68,1,X,908,790.0,835.0
69,1,R,-116,965.1,505.0
69,1,R,176,1558.6,376.6
69,1,R,248,1716.4,297.7
69,1,R,372,1758.1,280.6
69,1,X,1503,1630.0,135.0
70,1,R,-123,943.8,727.2
70,1,R,153,538.4,684.8
70,1,R,229,540.4,604.6
70,1,R,401,529.7,584.8
70,1,X,978,450.0,450.0
71,1,R,-114,1048.7,737.5
71,1,R,202,1656.9,379.2
71,1,R,310,1745.3,271.7
71,1,X,1235,1630.0,135.0
72,1,R,-124,1164.3,678.7
72,1,R,208,357.1,422.5
72,1,R,324,328.2,333.3
72,1,R,572,305.8,373.1
72,1,X,1553,220.0,130.0
73,1,R,-112,863.1,904.5
73,1,R,232,333.6,1441.6
73,1,X,1161,395.0,925.0
74,1,R,-114,830.6,981.1
74,1,R,146,1067.7,1074.7
74,1,R,258,1113.5,1153.6
74,1,R,1014,1016.1,1319.2
74,1,X,1539,1080.0,660.0
75,1,R,-119,1017.3,1276.2
75,1,R,237,926.2,703.0
75,1,R,265,920.3,491.8
75,1,R,401,875.6,186.4
75,1,X,1252,870.0,235.0
76,1,R,-122,943.4,216.5
76,1,R,154,1222.0,131.2
76,1,R,274,1287.5,103.3
76,1,X,497,1290.0,310.0
77,1,R,-74,855.8,428.2
77,1,R,162,813.5,595.5
77,1,R,378,806.6,603.6
77,1,X,613,790.0,835.0
78,1,R,-110,903.9,253.7
78,1,R,114,871.0,438.7
78,1,R,298,1333.5,1034.2
78,1,R,434,1395.1,1020.5
78,1,X,869,1370.0,1060.0
79,1,R,-122,1026.6,314.4
79,1,R,182,1592.7,633.0
79,1,R,310,1629.3,646.9
79,1,X,585,1580.0,710.0
80,1,R,-121,1047.8,328.9
80,1,R,167,905.5,242.3
80,1,R,311,910.9,217.1
80,1,X,442,870.0,235.0
81,1,R,-59,1024.7,566.0
81,1,R,177,528.1,485.1
81,1,R,269,544.6,433.1
81,1,R,369,518.1,408.8
81,1,X,488,450.0,450.0
82,1,R,-119,972.4,469.4
82,1,R,221,1683.6,237.1
82,1,R,389,1716.5,223.2
82,1,X,1052,1630.0,135.0
83,1,R,-57,1731.3,394.2
83,1,R,175,1415.4,571.8
83,1,R,387,1389.3,542.0
83,1,R,759,1424.6,525.4
83,1,X,1290,1290.0,310.0
84,1,R,-94,1229.9,886.5
84,1,R,162,1162.7,1127.0
84,1,R,222,1185.4,1013.9
84,1,R,302,1179.2,1067.0
84,1,R,430,1195.8,1006.2
84,1,R,598,1168.9,1006.6
84,1,X,781,1080.0,660.0
85,1,R,-73,1165.5,859.0
85,1,R,115,848.2,769.6
85,1,R,243,1469.9,1298.6
85,1,R,811,1480.5,1309.6
85,1,X,878,1370.0,1060.0
86,1,R,-112,829.6,517.8
86,1,R,168,328.2,460.6
86,1,R,276,324.0,361.2
86,1,R,860,308.5,348.5
86,1,R,1168,330.4,313.6
86,1,R,1404,349.4,274.2
86,1,X,1867,220.0,130.0
87,1,R,24,1197.5,1040.4
87,1,R,216,409.5,1139.6
87,1,R,360,474.7,1130.5
87,1,X,815,395.0,925.0
88,1,R,-111,772.4,555.5
88,1,R,177,858.6,970.1
88,1,R,317,843.4,1109.4
88,1,R,533,878.7,1089.2
88,1,X,774,790.0,835.0
89,1,R,-118,1100.4,861.7
89,1,R,50,695.7,860.4
89,1,R,318,1729.5,1007.2
89,1,R,470,1743.9,1028.0
89,1,X,1063,1580.0,710.0
90,1,R,17,1412.3,541.2
90,1,R,189,1724.4,383.2
90,1,R,305,1776.9,358.6
90,1,R,445,1796.6,420.2
90,1,R,545,1780.8,908.7
90,1,R,673,1726.8,1098.3
90,1,X,1500,1630.0,135.0
91,1,R,-112,934.6,319.6
91,1,R,88,1140.7,320.0
91,1,R,296,1454.5,1212.7
91,1,R,420,1499.5,1240.9
91,1,R,872,1473.2,1281.1
91,1,R,1284,1433.9,1271.7
91,1,R,1812,1478.9,1296.1
91,1,R,2184,1537.9,1407.5
91,1,R,2248,1497.8,1470.4
91,1,R,2312,1498.6,1268.8
91,1,R,2964,1506.1,1296.7
91,1,R,3148,1487.7,1292.6
91,1,X,3551,1370.0,1060.0
92,1,R,-108,1158.0,617.5
92,1,R,156,932.4,448.4
92,1,R,276,962.6,376.4
92,1,X,792,870.0,235.0
93,1,R,-116,1029.4,730.7
93,1,R,180,1598.5,848.9
93,1,R,292,1697.1,867.6
93,1,X,720,1580.0,710.0
94,1,R,-121,948.1,474.5
94,1,R,179,335.8,350.0
94,1,R,283,337.2,260.9
94,1,X,659,220.0,130.0
95,1,R,-115,1020.7,688.9
95,1,R,149,1200.9,781.2
95,1,R,329,1202.2,778.6
95,1,R,981,1187.0,415.0
95,1,X,913,1080.0,660.0
96,1,R,-112,1205.2,398.0
96,1,R,204,508.7,979.1
96,1,R,328,481.4,1026.3
96,1,R,1248,1028.3,464.9
96,1,X,1180,395.0,925.0
97,1,R,-111,1064.4,429.3
97,1,R,261,865.7,924.3
97,1,X,917,790.0,835.0
98,1,R,-108,1061.9,474.4
98,1,R,164,1376.5,456.5
98,1,R,276,1399.5,406.4
98,1,X,872,1290.0,310.0
99,1,R,-119,997.3,795.2
99,1,R,177,542.6,629.3
99,1,R,277,550.2,587.2
99,1,R,573,535.2,562.5
99,1,X,1141,450.0,450.0
100,1,R,-118,1265.5,521.7
100,1,R,174,957.2,403.8
100,1,R,290,976.0,359.6
100,1,X,630,870.0,235.0
101,1,R,-111,1185.5,720.0
101,1,R,201,1696.7,329.7
101,1,R,321,1750.1,283.8
101,1,X,613,1630.0,135.0
102,1,R,-111,1013.3,710.9
102,1,R,217,445.2,1090.6
102,1,R,345,476.1,1065.3
102,1,R,713,467.5,1047.0
102,1,X,917,395.0,925.0
103,1,R,-124,907.2,539.1
103,1,R,192,1635.6,796.4
103,1,R,316,1681.5,793.1
103,1,X,944,1580.0,710.0
104,1,R,-114,1076.7,601.2
104,1,R,182,1189.0,812.4
104,1,R,322,1177.4,848.4
104,1,X,1178,1080.0,660.0
105,1,R,-94,1115.7,846.1
105,1,R,174,563.7,736.8
105,1,R,262,548.7,682.5
105,1,R,358,592.4,655.2
105,1,R,526,564.2,643.2
105,1,R,1062,545.0,644.9
105,1,X,1170,450.0,450.0
106,1,R,-121,562.3,658.8
106,1,R,179,871.6,977.8
106,1,R,299,946.1,1045.3
106,1,R,2099,982.7,1021.3
106,1,X,2475,790.0,835.0
107,1,R,-90,824.9,657.9
107,1,R,162,1425.1,585.6
107,1,R,266,1483.8,484.9
107,1,X,926,1290.0,310.0
108,1,R,-115,1175.0,811.3
108,1,R,65,830.6,1048.1
108,1,R,273,418.2,517.4
108,1,R,381,373.9,439.9
108,1,R,493,378.4,391.7
108,1,R,693,372.4,371.8
108,1,X,1337,220.0,130.0
109,1,R,-122,800.0,1085.4
109,1,R,194,1506.3,1229.0
109,1,R,414,1518.8,1225.9
109,1,X,1034,1370.0,1060.0
110,1,R,-124,1050.6,619.2
110,1,R,104,661.9,558.3
110,1,R,248,624.2,677.3
110,1,X,712,450.0,450.0
111,1,R,-112,1134.7,666.0
111,1,R,180,1701.1,443.2
111,1,R,268,1773.5,355.1
111,1,R,380,1807.0,305.9
111,1,R,780,1820.1,286.7
111,1,X,1100,1630.0,135.0
112,1,R,28,711.2,917.5
112,1,R,232,1665.0,945.6
112,1,R,348,1764.2,878.6
112,1,X,824,1580.0,710.0
113,1,R,-117,991.1,613.4
113,1,R,163,1271.6,887.5
113,1,R,303,1276.6,858.2
113,1,X,439,1080.0,660.0
114,1,R,-119,927.3,591.6
114,1,R,149,1061.5,457.9
114,1,R,293,1058.5,429.4
114,1,X,557,870.0,235.0
115,1,R,-117,913.1,840.1
115,1,R,219,364.8,465.7
115,1,R,331,385.2,389.1
115,1,X,895,220.0,130.0
116,1,R,-113,1273.3,887.4
116,1,R,167,1429.1,575.0
116,1,R,275,1483.8,517.3
116,1,R,691,1485.6,499.9
116,1,X,1131,1290.0,310.0
117,1,R,-47,1123.5,482.2
117,1,R,221,844.3,1158.1
117,1,R,329,930.0,1085.8
117,1,X,1237,790.0,835.0
118,1,R,-121,974.1,487.9
118,1,R,231,1425.0,1135.1
118,1,R,355,1503.2,1222.6
118,1,R,563,1501.4,1249.2
118,1,R,791,1502.0,1264.1
118,1,X,1459,1370.0,1060.0
119,1,R,-116,1051.4,502.7
119,1,R,192,499.4,1109.9
119,1,R,336,494.6,1155.0
119,1,R,564,492.3,1146.7
119,1,X,1080,395.0,925.0
120,1,R,-111,1075.5,722.8
120,1,R,161,622.2,689.5
120,1,R,293,561.6,703.5
120,1,X,605,450.0,450.0
121,1,R,-120,1014.2,651.7
121,1,R,172,375.1,532.1
121,1,R,280,347.9,448.3
121,1,R,424,348.1,400.2
121,1,X,836,220.0,130.0
122,1,R,-122,1053.4,702.1
122,1,R,202,1367.7,1163.2
122,1,R,330,1455.7,1249.0
122,1,X,1251,1370.0,1060.0
123,1,R,-113,1036.2,662.0
123,1,R,211,1591.6,932.1
123,1,R,343,1733.1,962.7
123,1,R,595,1745.5,955.0
123,1,R,1555,1322.8,560.9
123,1,X,1632,1580.0,710.0
124,1,R,-86,916.7,534.4
124,1,R,242,916.5,555.1
124,1,R,410,1216.9,836.4
124,1,R,546,1251.5,878.3
124,1,R,718,1237.1,881.0
124,1,X,927,1080.0,660.0
125,1,R,-116,1063.1,601.6
125,1,R,208,476.7,1151.6
125,1,R,416,501.3,1166.5
125,1,R,628,512.3,1152.0
125,1,X,849,395.0,925.0
126,1,R,-110,1190.6,726.9
126,1,R,174,1808.2,457.5
126,1,R,290,1836.5,381.8
126,1,R,642,1830.8,394.0
126,1,X,1647,1630.0,135.0
127,1,R,56,2077.0,760.5
127,1,R,244,1090.3,1064.5
127,1,R,364,732.4,1358.4
127,1,R,632,566.4,1516.3
127,1,R,908,1007.8,567.4
127,1,R,1132,986.0,386.8
127,1,X,1981,870.0,235.0
128,1,R,-110,1081.2,919.2
128,1,R,174,866.2,1058.2
128,1,R,374,883.9,1065.6
128,1,X,829,790.0,835.0
129,1,R,-112,897.3,498.3
129,1,R,164,1454.8,594.4
129,1,R,608,1446.6,569.6
129,1,X,739,1290.0,310.0
130,1,R,-118,1118.4,596.8
130,1,R,202,1378.8,1237.5
130,1,R,326,1510.8,1265.0
130,1,X,949,1370.0,1060.0
131,1,R,-107,1104.3,654.8
131,1,R,329,1732.5,970.5
131,1,R,489,1726.9,961.5
131,1,R,737,1754.9,983.9
131,1,X,2208,1580.0,710.0
132,1,R,-117,1126.5,711.6
132,1,R,167,607.5,787.4
132,1,R,291,550.4,766.2
132,1,R,523,588.4,699.2
132,1,X,1358,450.0,450.0
133,1,R,-116,1073.8,646.7
133,1,R,200,1757.9,446.3
133,1,R,324,1817.8,387.9
133,1,X,1287,1630.0,135.0
134,1,R,-121,816.0,660.2
134,1,R,151,1026.8,499.5
134,1,R,275,1079.0,384.3
134,1,R,1295,1051.0,392.9
134,1,R,1475,1066.3,400.4
134,1,X,2170,870.0,235.0
135,1,R,-121,1270.5,825.5
135,1,R,195,1252.6,892.2
135,1,X,1066,1080.0,660.0
136,1,R,-110,591.1,560.6
136,1,R,190,512.2,1031.6
136,1,R,334,520.6,1090.1
136,1,R,562,543.0,1080.9
136,1,X,791,395.0,925.0
137,1,R,-118,879.7,420.6
137,1,R,110,661.3,750.0
137,1,R,198,977.0,988.0
137,1,R,314,921.5,998.4
137,1,X,623,790.0,835.0
138,1,R,-119,1248.6,700.7
138,1,R,157,1363.4,609.2
138,1,R,361,1253.9,1127.3
138,1,X,982,1290.0,310.0
139,1,R,-110,1292.5,801.5
139,1,R,202,410.6,441.2
139,1,R,282,324.7,381.8
139,1,R,382,289.3,407.7
139,1,R,506,308.0,516.2
139,1,R,582,305.4,884.4
139,1,X,1263,220.0,130.0
140,1,R,-113,837.9,1400.2
140,1,R,171,1336.1,1246.6
140,1,R,287,1401.1,1238.9
140,1,X,724,1290.0,310.0
141,1,R,-44,773.1,1460.6
141,1,R,192,892.0,1100.9
141,1,R,340,903.4,1093.9
141,1,R,628,900.2,1063.5
141,1,X,919,870.0,235.0
142,1,R,-121,432.7,1325.3
142,1,R,83,544.2,1324.7
142,1,R,171,441.0,1245.5
142,1,R,323,466.5,1207.1
142,1,R,887,1407.4,1160.3
142,1,X,826,450.0,450.0
143,1,R,-114,1383.7,1176.5
143,1,R,150,1066.9,1355.7
143,1,R,254,1036.2,1340.5
143,1,R,358,1069.9,1290.4
143,1,X,921,1080.0,660.0
144,1,R,-12,1367.2,1037.0
144,1,R,252,263.1,1527.5
144,1,R,372,345.6,1545.8
144,1,X,995,395.0,925.0
145,1,R,-112,1094.0,858.1
145,1,R,248,700.8,1377.3
145,1,R,344,761.8,1319.2
145,1,R,508,758.5,1322.8
145,1,X,851,790.0,835.0
146,1,R,-122,952.4,798.2
146,1,R,206,1640.4,1168.3
146,1,X,1065,1580.0,710.0
147,1,R,-109,949.9,742.0
147,1,R,291,1731.4,693.6
147,1,R,455,1734.5,658.3
147,1,X,1510,1630.0,135.0
148,1,R,-62,682.1,922.6
148,1,R,178,269.7,749.5
148,1,R,262,277.3,681.4
148,1,R,418,285.9,647.7
148,1,X,1049,220.0,130.0
149,1,R,-108,951.6,967.2
149,1,R,172,1384.0,1414.4
149,1,X,1112,1370.0,1060.0
150,1,R,-113,858.4,643.1
150,1,R,187,288.7,628.3
150,1,X,1019,220.0,130.0
151,1,R,-122,1002.2,740.8
151,1,R,166,962.9,672.6
151,1,X,826,870.0,235.0
152,1,R,-116,1012.4,1007.4
152,1,R,192,786.0,1206.4
152,1,R,388,820.7,1188.0
152,1,R,1052,953.4,777.6
152,1,X,984,790.0,835.0
153,1,R,-120,985.9,505.6
153,1,R,20,939.1,376.3
153,1,R,168,1536.2,533.6
153,1,R,296,1617.6,656.0
153,1,X,1200,1580.0,710.0
154,1,R,-108,945.7,319.4
154,1,R,188,1613.9,142.1
154,1,R,288,1659.6,44.4
154,1,X,1048,1630.0,135.0
155,1,R,-110,699.7,397.3
155,1,R,250,1120.4,1223.9
155,1,R,374,1024.4,1462.0
155,1,R,430,1186.5,1094.4
155,1,R,878,1190.6,932.3
155,1,R,1254,1205.9,973.1
155,1,R,1454,1210.6,938.1
155,1,X,1982,1080.0,660.0
156,1,R,-106,1012.2,533.3
156,1,R,106,390.6,491.1
156,1,R,270,562.4,1125.6
156,1,R,386,487.4,1167.3
156,1,X,1230,395.0,925.0
157,1,R,-112,1000.3,635.4
157,1,R,212,1409.6,1087.8
157,1,R,332,1459.6,1270.8
157,1,R,900,1503.6,1345.9
157,1,X,1740,1370.0,1060.0
158,1,R,-114,739.8,1562.0
158,1,R,194,668.9,867.1
158,1,R,294,640.1,811.0
158,1,R,498,616.0,524.8
158,1,X,1614,450.0,450.0
159,1,R,156,1197.0,692.8
159,1,R,320,1426.5,522.0
159,1,R,484,1432.0,438.7
159,1,X,1500,1290.0,310.0
160,1,R,-117,932.8,596.3
160,1,R,183,891.8,1043.1
160,1,X,1511,790.0,835.0
161,1,R,-114,736.1,442.5
161,1,R,102,1193.3,629.4
161,1,R,162,1194.0,559.1
161,1,R,226,981.6,467.0
161,1,R,390,982.5,424.0
161,1,X,858,870.0,235.0
162,1,R,-117,983.3,462.1
162,1,R,191,1401.7,1088.2
162,1,R,319,1455.6,1264.4
162,1,R,1239,1443.8,1214.7
162,1,X,1223,1370.0,1060.0
163,1,R,94,1023.7,556.0
163,1,R,278,1167.2,899.0
163,1,R,394,1192.1,849.1
163,1,R,1190,965.1,546.4
163,1,X,1126,1080.0,660.0
164,1,R,-116,998.8,502.4
164,1,R,160,1410.9,511.2
164,1,R,276,1447.1,512.9
164,1,R,740,1455.9,545.3
164,1,R,992,1463.1,553.8
164,1,X,1328,1290.0,310.0
165,1,R,-113,822.9,579.1
165,1,R,235,1781.8,340.6
165,1,R,927,1819.9,397.0
165,1,R,1135,1788.2,468.7
165,1,R,1327,1750.2,485.0
165,1,R,1675,1701.9,493.0
165,1,R,1803,1736.5,481.4
165,1,X,2451,1630.0,135.0
166,1,R,-108,788.6,616.3
166,1,R,188,393.1,440.2
166,1,R,296,366.1,327.4
166,1,X,1032,220.0,130.0
167,1,R,-110,899.6,734.1
167,1,R,186,1659.2,833.4
167,1,R,318,1757.1,968.1
167,1,R,1446,1148.5,809.6
167,1,X,1446,1580.0,710.0
168,1,R,-112,873.4,606.7
168,1,R,92,1142.8,741.3
168,1,R,284,171.2,1788.5
168,1,R,628,61.3,2026.8
168,1,R,828,107.1,2086.1
168,1,R,1036,114.4,2116.9
168,1,R,1680,465.3,1326.6
168,1,R,2024,486.9,1210.7
168,1,R,2372,490.4,1210.0
168,1,R,2904,1214.3,1069.4
168,1,X,2844,395.0,925.0
169,1,R,-72,3270.0,2623.3
169,1,R,24,3270.0,2877.2
169,1,R,112,3270.0,2821.1
169,1,R,264,3270.0,2753.2
169,1,R,992,3270.0,2760.6
169,1,R,2228,3270.0,2763.6
169,1,R,2456,3270.0,2753.7
169,1,R,2592,3270.0,2751.9
169,1,R,2856,3270.0,2752.7
169,1,R,3784,757.8,1358.0
169,1,R,3920,550.7,1029.4
169,1,R,4048,549.9,874.3
169,1,R,4364,567.3,729.3
169,1,X,5344,450.0,450.0
170,1,R,-118,1170.2,569.6
170,1,R,174,1208.4,877.9
170,1,R,326,1195.7,906.5
170,1,R,550,1217.1,949.2
170,1,X,1351,1080.0,660.0
171,1,R,-108,997.4,619.3
171,1,R,188,526.0,762.2
171,1,R,312,570.8,738.5
171,1,R,744,600.8,701.9
171,1,R,1076,574.6,687.0
171,1,X,1465,450.0,450.0
172,1,R,-71,1072.8,496.0
172,1,R,173,405.7,478.8
172,1,R,293,354.7,419.5
172,1,R,497,353.2,396.8
172,1,X,878,220.0,130.0
173,1,R,-114,1097.5,672.1
173,1,R,210,447.7,1159.4
173,1,R,350,490.0,1181.9
173,1,R,730,497.6,1197.8
173,1,X,1315,395.0,925.0
174,1,R,-111,1077.9,617.1
174,1,R,177,997.3,492.5
174,1,X,806,870.0,235.0
175,1,R,-118,1055.2,526.9
175,1,R,246,1727.7,491.8
175,1,R,350,1794.8,461.1
175,1,X,973,1630.0,135.0
176,1,R,-105,3270.0,2786.1
176,1,R,275,1612.3,888.3
176,1,R,423,1404.9,832.8
176,1,R,591,1444.7,739.7
176,1,R,1095,1474.1,640.5
176,1,R,1287,1442.0,633.1
176,1,R,1571,1437.7,692.6
176,1,R,1703,1281.0,1281.6
176,1,R,2155,1446.1,587.7
176,1,R,2275,1414.2,595.9
176,1,R,2599,1465.2,613.6
176,1,X,3486,1290.0,310.0
177,1,R,-63,1389.8,664.1
177,1,R,89,488.4,867.6
177,1,R,305,1438.6,894.6
177,1,R,425,1743.0,1011.6
177,1,R,1245,1753.6,1059.8
177,1,X,1440,1580.0,710.0
178,1,R,-118,992.6,530.6
178,1,R,94,735.8,620.4
178,1,R,262,1438.7,1236.6
178,1,R,390,1497.5,1311.3
178,1,R,626,1515.5,1367.6
178,1,X,1805,1370.0,1060.0
179,1,R,-123,1100.1,602.9
179,1,R,77,548.0,470.2
179,1,R,249,864.9,1088.9
179,1,R,389,921.0,1079.1
179,1,R,821,918.9,1060.5
179,1,X,1460,790.0,835.0
180,1,R,-116,1000.6,450.3
180,1,R,64,902.0,446.5
180,1,R,240,1808.4,366.9
180,1,X,1441,1630.0,135.0
181,1,R,-119,898.8,610.8
181,1,R,217,1768.4,849.3
181,1,R,361,1776.0,841.1
181,1,R,613,1787.4,889.4
181,1,R,1641,1764.4,912.0
181,1,R,1785,1785.4,907.7
181,1,X,2014,1580.0,710.0
182,1,R,-112,1137.0,523.1
182,1,R,152,1447.6,534.1
182,1,R,280,1462.2,490.8
182,1,R,1416,1437.4,401.7
182,1,R,1524,1406.5,348.8
182,1,X,1885,1290.0,310.0
183,1,R,52,797.3,1263.4
183,1,R,292,1490.2,1010.2
183,1,R,428,1511.6,1067.6
183,1,X,881,1370.0,1060.0
184,1,R,-112,1259.9,563.0
184,1,R,168,442.8,461.3
184,1,R,272,397.8,379.3
184,1,R,396,407.8,316.2
184,1,X,1605,220.0,130.0
185,1,R,-119,1238.6,717.2
185,1,R,165,1239.6,870.7
185,1,X,980,1080.0,660.0
186,1,R,-110,1128.8,439.5
186,1,R,218,596.9,562.7
186,1,R,330,625.3,560.4
186,1,R,526,609.6,608.6
186,1,R,1706,1034.5,510.9
186,1,X,1645,450.0,450.0
187,1,R,55,3270.0,-342.2
187,1,R,271,894.1,684.0
187,1,R,475,609.1,1108.8
187,1,R,587,515.9,1128.4
187,1,R,1191,505.6,1128.8
187,1,R,1479,517.2,1119.6
187,1,X,2066,395.0,925.0
188,1,R,-108,1127.9,649.2
188,1,R,208,903.3,1020.8
188,1,R,940,892.4,1030.2
188,1,R,1052,887.7,884.3
188,1,R,2408,1188.2,320.4
188,1,X,2367,790.0,835.0
189,1,R,-125,1568.2,203.4
189,1,R,163,1022.7,289.3
189,1,R,287,994.7,270.6
189,1,X,1070,870.0,235.0
190,1,R,-120,626.0,776.3
190,1,R,144,970.6,888.9
190,1,R,272,889.0,896.3
190,1,R,484,893.4,902.2
190,1,X,955,790.0,835.0
191,1,R,-119,1135.6,500.7
191,1,R,213,1376.0,1091.3
191,1,R,333,1464.3,1151.5
191,1,R,1497,1433.8,517.8
191,1,X,1476,1370.0,1060.0
192,1,R,21,1603.8,335.9
192,1,R,249,388.2,363.7
192,1,R,389,354.9,295.2
192,1,X,1377,220.0,130.0
193,1,R,-115,836.5,675.8
193,1,R,53,580.9,717.5
193,1,R,221,571.0,585.1
193,1,X,793,450.0,450.0
194,1,R,-114,1178.6,464.9
194,1,R,186,1211.2,794.0
194,1,R,322,1203.2,781.3
194,1,X,658,1080.0,660.0
195,1,R,-117,1070.3,284.1
195,1,R,211,460.0,992.4
195,1,R,339,472.6,1036.1
195,1,X,1223,395.0,925.0
196,1,R,-118,1216.4,347.2
196,1,R,158,1420.4,458.5
196,1,R,298,1444.6,437.1
196,1,X,654,1290.0,310.0
197,1,R,-121,924.0,524.6
197,1,R,183,1562.4,820.3
197,1,R,291,1709.7,815.3
197,1,X,715,1580.0,710.0
198,1,R,-109,804.0,411.5
198,1,R,147,1027.6,386.2
198,1,R,323,1013.5,369.6
198,1,X,607,870.0,235.0
199,1,R,-118,912.7,831.2
199,1,R,194,1569.1,378.7
199,1,R,298,1737.0,293.4
199,1,R,426,1777.3,246.4
199,1,X,870,1630.0,135.0
0,2,R,-113,959.7,594.4
0,2,R,203,1072.6,653.7
0,2,X,1545,1080.0,660.0
1,2,R,-113,1077.2,649.5
1,2,R,195,1523.0,145.1
1,2,R,315,1625.7,140.3
1,2,R,651,1631.9,122.9
1,2,X,1059,1630.0,135.0
2,2,R,-116,1633.3,123.0
2,2,R,304,690.7,888.0
2,2,R,428,780.2,845.6
2,2,R,996,767.5,832.8
2,2,X,1152,790.0,835.0
3,2,R,-123,779.5,825.0
3,2,R,117,824.9,365.2
3,2,R,189,434.7,340.1
3,2,R,389,437.7,441.8
3,2,X,1193,450.0,450.0
4,2,R,-115,450.8,437.7
4,2,R,261,1523.1,756.3
4,2,R,381,1584.6,750.7
4,2,X,945,1580.0,710.0
5,2,R,-113,1597.4,733.1
5,2,R,87,520.0,275.8
5,2,R,283,270.2,1009.3
5,2,R,407,368.8,962.0
5,2,X,995,395.0,925.0
6,2,R,-113,383.6,960.0
6,2,R,179,224.1,262.6
6,2,R,299,220.6,168.3
6,2,R,431,204.4,130.4
6,2,R,619,221.1,125.3
6,2,X,683,220.0,130.0
7,2,R,47,872.4,703.2
7,2,R,259,857.8,272.9
7,2,R,431,868.1,232.8
7,2,X,719,870.0,235.0
8,2,R,-122,882.4,228.4
8,2,R,194,1275.7,1008.8
8,2,R,314,1389.7,1085.0
8,2,X,730,1370.0,1060.0
9,2,R,-111,1405.9,1066.9
9,2,R,201,1281.9,328.2
9,2,R,397,1302.7,305.5
9,2,X,685,1290.0,310.0
10,2,R,-123,1311.3,297.8
10,2,R,201,409.2,447.2
10,2,R,325,438.2,473.8
10,2,X,753,450.0,450.0
11,2,R,-119,444.1,468.9
11,2,R,185,866.2,268.3
11,2,X,611,870.0,235.0
12,2,R,-114,881.8,254.0
12,2,R,234,1400.7,1099.7
12,2,X,778,1370.0,1060.0
13,2,R,-113,930.5,548.8
13,2,R,191,1098.7,696.9
13,2,X,851,1080.0,660.0
14,2,R,-124,1018.6,610.3
14,2,R,208,183.7,210.1
14,2,R,336,222.1,152.6
14,2,X,688,220.0,130.0
15,2,R,-79,930.5,598.9
15,2,R,225,1575.3,200.5
15,2,R,349,1643.6,146.8
15,2,R,649,1619.3,134.4
15,2,X,941,1630.0,135.0
16,2,R,-115,811.8,444.5
16,2,R,225,769.8,954.3
16,2,R,325,788.7,871.4
16,2,X,735,790.0,835.0
17,2,R,-119,796.4,539.0
17,2,R,241,329.4,1001.5
17,2,R,357,389.1,957.6
17,2,X,913,395.0,925.0
18,2,R,-112,927.3,430.8
18,2,R,220,1567.9,765.4
18,2,R,376,1612.3,751.1
18,2,X,948,1580.0,710.0
19,2,R,-110,1012.6,531.6
19,2,R,178,1299.4,353.2
19,2,R,322,1310.8,335.5
19,2,X,766,1290.0,310.0
20,2,R,-108,822.9,534.8
20,2,R,160,882.4,270.1
20,2,R,336,871.8,247.0
20,2,X,824,870.0,235.0
21,2,R,-117,868.3,483.0
21,2,R,259,1357.0,1036.8
21,2,R,379,1402.9,1091.6
21,2,X,975,1370.0,1060.0
22,2,R,-117,893.6,514.7
22,2,R,207,180.6,170.6
22,2,R,331,231.3,142.4
22,2,X,695,220.0,130.0
23,2,R,-112,905.6,593.0
23,2,R,216,1478.2,607.3
23,2,R,332,1602.6,709.3
23,2,X,812,1580.0,710.0
24,2,R,-113,877.5,411.7
24,2,R,191,1289.7,290.6
24,2,R,323,1320.8,315.9
24,2,X,723,1290.0,310.0
25,2,R,26,863.2,540.8
25,2,R,230,806.6,860.0
25,2,R,454,801.7,849.4
25,2,X,822,790.0,835.0
26,2,R,-119,849.0,583.8
26,2,R,169,1105.0,663.1
26,2,R,305,1103.8,686.7
26,2,X,629,1080.0,660.0
27,2,R,-94,893.5,439.9
27,2,R,178,422.5,474.8
27,2,R,310,454.1,466.4
27,2,X,628,450.0,450.0
28,2,R,-113,463.4,458.7
28,2,R,123,1116.5,644.0
28,2,R,271,428.4,962.3
28,2,R,415,393.9,971.0
28,2,X,811,395.0,925.0
29,2,R,-114,397.2,961.6
29,2,R,278,1574.9,198.6
29,2,R,426,1656.5,115.6
29,2,X,1058,1630.0,135.0
30,2,R,-119,1006.4,463.9
30,2,R,197,1478.2,721.0
30,2,R,313,1588.5,751.3
30,2,R,633,1624.6,739.9
30,2,X,783,1580.0,710.0
31,2,R,-108,596.1,498.8
31,2,R,200,387.9,953.0
31,2,X,864,395.0,925.0
32,2,R,-33,764.6,476.7
32,2,R,175,1087.8,667.5
32,2,R,299,1095.8,682.0
32,2,X,621,1080.0,660.0
33,2,R,-117,1120.0,675.9
33,2,R,215,1400.4,1062.0
33,2,R,379,1419.6,1074.5
33,2,X,797,1370.0,1060.0
34,2,R,41,938.8,529.5
34,2,R,253,820.5,848.5
34,2,X,774,790.0,835.0
35,2,R,-117,844.4,699.0
35,2,R,171,866.5,278.0
35,2,R,295,884.7,239.8
35,2,X,526,870.0,235.0
36,2,R,-114,899.3,231.4
36,2,R,194,268.9,166.7
36,2,R,326,235.3,119.0
36,2,X,745,220.0,130.0
37,2,R,-105,1010.3,620.0
37,2,R,175,1321.4,333.5
37,2,X,588,1290.0,310.0
38,2,R,-123,1145.4,417.1
38,2,R,205,1613.7,167.3
38,2,R,329,1653.2,127.2
38,2,X,580,1630.0,135.0
39,2,R,-112,1657.0,120.7
39,2,R,184,456.3,551.6
39,2,R,312,448.4,487.5
39,2,X,597,450.0,450.0
40,2,R,-112,951.3,601.3
40,2,R,180,878.1,305.9
40,2,R,336,882.7,246.2
40,2,X,517,870.0,235.0
41,2,R,-24,860.1,500.0
41,2,R,172,1142.7,712.9
41,2,R,304,1114.4,691.8
41,2,X,521,1080.0,660.0
42,2,R,-121,1010.9,498.7
42,2,R,175,466.0,476.8
42,2,R,359,454.5,457.1
42,2,X,556,450.0,450.0
43,2,R,-119,888.7,477.0
43,2,R,201,296.4,159.9
43,2,R,329,231.5,132.1
43,2,X,622,220.0,130.0
44,2,R,-120,974.1,475.3
44,2,R,184,1314.0,333.6
44,2,R,356,1324.3,314.8
44,2,X,525,1290.0,310.0
45,2,R,-117,841.2,590.9
45,2,R,159,842.0,550.6
45,2,R,371,1389.9,1054.3
45,2,R,519,1412.1,1079.9
45,2,X,728,1370.0,1060.0
46,2,R,-46,818.1,475.4
46,2,R,242,1566.3,675.5
46,2,R,370,1608.2,719.2
46,2,X,979,1580.0,710.0
47,2,R,10,986.4,554.6
47,2,R,218,355.0,957.3
47,2,R,354,400.2,963.8
47,2,X,947,395.0,925.0
48,2,R,-112,417.5,943.4
48,2,R,188,815.1,856.2
48,2,X,813,790.0,835.0
49,2,R,-112,820.9,696.5
49,2,R,240,1536.7,208.5
49,2,R,336,1648.5,108.9
49,2,X,885,1630.0,135.0
50,2,R,-122,823.2,471.4
50,2,R,222,1335.8,1073.3
50,2,R,346,1418.0,1090.6
50,2,X,777,1370.0,1060.0
51,2,R,-97,844.3,491.7
51,2,R,195,392.1,921.7
51,2,R,355,391.8,939.0
51,2,X,842,395.0,925.0
52,2,R,-115,481.4,448.5
52,2,R,229,1478.9,179.0
52,2,R,353,1650.7,111.9
52,2,X,792,1630.0,135.0
53,2,R,-115,830.6,591.1
53,2,R,245,1567.3,726.3
53,2,R,373,1618.3,737.0
53,2,X,792,1580.0,710.0
54,2,R,-115,728.4,567.1
54,2,R,209,819.6,873.9
54,2,R,397,819.1,850.8
54,2,X,720,790.0,835.0
55,2,R,-120,728.8,447.6
55,2,R,160,891.8,237.6
55,2,X,579,870.0,235.0
56,2,R,-111,905.5,233.5
56,2,R,193,454.7,487.5
56,2,X,460,450.0,450.0
57,2,R,-77,868.4,624.3
57,2,R,187,1327.5,289.5
57,2,R,431,1328.0,306.0
57,2,X,594,1290.0,310.0
58,2,R,-33,914.1,638.6
58,2,R,171,1117.6,696.5
58,2,X,762,1080.0,660.0
59,2,R,-111,1119.7,688.0
59,2,R,209,251.0,227.0
59,2,R,309,182.3,143.5
59,2,R,441,217.8,136.7
59,2,X,676,220.0,130.0
60,2,R,-114,1106.9,583.2
60,2,R,274,431.9,995.6
60,2,R,402,389.5,975.6
60,2,R,750,414.9,961.1
60,2,X,857,395.0,925.0
61,2,R,-117,868.3,468.4
61,2,R,215,773.1,937.2
61,2,R,323,813.1,866.7
61,2,X,822,790.0,835.0
62,2,R,-118,841.4,744.1
62,2,R,66,994.4,518.5
62,2,R,266,1618.7,720.8
62,2,X,837,1580.0,710.0
63,2,R,-120,1629.2,716.1
63,2,R,212,303.1,262.2
63,2,R,344,213.0,117.6
63,2,R,704,238.8,122.3
63,2,X,955,220.0,130.0
64,2,R,-119,948.2,409.2
64,2,R,185,1305.1,338.9
64,2,R,337,1327.8,318.0
64,2,X,612,1290.0,310.0
65,2,R,-111,778.1,389.7
65,2,R,169,471.4,468.1
65,2,R,329,454.3,470.5
65,2,X,668,450.0,450.0
66,2,R,-122,460.8,462.7
66,2,R,214,1557.7,169.8
66,2,R,330,1648.5,118.8
66,2,X,625,1630.0,135.0
67,2,R,-75,1225.8,368.6
67,2,R,181,890.3,265.7
67,2,X,704,870.0,235.0
68,2,R,-120,903.8,251.2
68,2,R,220,1265.6,1026.8
68,2,R,340,1418.9,1098.2
68,2,X,819,1370.0,1060.0
69,2,R,-101,786.3,538.6
69,2,R,179,1133.1,680.9
69,2,R,315,1115.6,676.8
69,2,X,810,1080.0,660.0
70,2,R,19,920.8,590.5
70,2,R,207,1271.6,302.2
70,2,R,343,1333.9,301.5
70,2,X,979,1290.0,310.0
71,2,R,-113,1187.5,322.2
71,2,R,195,332.8,1056.6
71,2,R,307,398.6,957.9
71,2,X,899,395.0,925.0
72,2,R,-53,471.5,316.7
72,2,R,187,1065.9,634.2
72,2,R,327,1109.6,680.4
72,2,R,595,1122.6,700.4
72,2,X,775,1080.0,660.0
73,2,R,-116,1137.4,687.3
73,2,R,208,253.6,192.3
73,2,R,336,221.7,116.8
73,2,R,600,244.6,122.9
73,2,X,808,220.0,130.0
74,2,R,-116,248.3,121.9
74,2,R,260,1419.4,1096.3
74,2,X,824,1370.0,1060.0
75,2,R,-118,1432.6,1079.7
75,2,R,222,1536.7,125.9
75,2,R,350,1652.5,108.1
75,2,X,798,1630.0,135.0
76,2,R,-110,1660.5,107.2
76,2,R,238,1617.6,757.0
76,2,X,734,1580.0,710.0
77,2,R,-103,848.5,644.7
77,2,R,173,476.4,467.1
77,2,R,317,455.6,457.5
77,2,X,633,450.0,450.0
78,2,R,-108,942.8,520.2
78,2,R,144,885.8,271.8
78,2,R,288,891.3,231.8
78,2,X,592,870.0,235.0
79,2,R,-116,886.4,470.8
79,2,R,208,780.2,909.9
79,2,R,312,821.3,854.1
79,2,X,664,790.0,835.0
80,2,R,-74,812.8,571.3
80,2,R,230,411.7,935.4
80,2,R,366,406.0,955.8
80,2,X,558,395.0,925.0
81,2,R,-97,770.4,638.9
81,2,R,171,865.5,248.6
81,2,R,311,897.1,230.5
81,2,X,567,870.0,235.0
82,2,R,-124,896.5,350.1
82,2,R,264,240.4,160.8
82,2,R,408,235.0,119.3
82,2,X,704,220.0,130.0
83,2,R,-120,978.6,579.6
83,2,R,204,1133.3,691.5
83,2,R,340,1120.4,703.2
83,2,X,868,1080.0,660.0
84,2,R,-124,825.8,504.8
84,2,R,332,1437.6,1093.1
84,2,R,476,1433.7,1091.2
84,2,X,1056,1370.0,1060.0
85,2,R,-118,1044.0,692.0
85,2,R,178,496.3,500.3
85,2,R,306,455.9,450.9
85,2,X,718,450.0,450.0
86,2,R,-123,677.0,485.0
86,2,R,189,781.8,779.7
86,2,R,309,828.2,834.0
86,2,X,761,790.0,835.0
87,2,R,-114,846.5,532.9
87,2,R,270,1618.7,716.7
87,2,X,922,1580.0,710.0
88,2,R,-119,781.5,521.9
88,2,R,233,1298.5,335.4
88,2,R,373,1325.0,287.3
88,2,X,829,1290.0,310.0
89,2,R,-112,868.6,434.1
89,2,R,400,1573.4,158.0
89,2,R,520,1658.8,104.0
89,2,X,1036,1630.0,135.0
90,2,R,-122,1667.9,97.9
90,2,R,150,1402.3,742.7
90,2,R,270,1600.2,745.6
90,2,R,514,1626.4,732.9
90,2,X,946,1580.0,710.0
91,2,R,-112,1630.4,715.7
91,2,R,216,1377.0,1070.9
91,2,R,404,1443.0,1046.5
91,2,R,600,1435.4,1040.8
91,2,X,996,1370.0,1060.0
92,2,R,-112,1035.0,548.9
92,2,R,176,501.7,439.2
92,2,R,312,463.9,437.9
92,2,X,756,450.0,450.0
93,2,R,-119,745.4,449.6
93,2,R,277,285.6,126.3
93,2,R,405,248.0,98.8
93,2,R,721,239.0,100.1
93,2,X,805,220.0,130.0
94,2,R,-119,897.5,409.5
94,2,R,269,373.7,1019.2
94,2,R,393,412.4,953.7
94,2,X,1221,395.0,925.0
95,2,R,-121,859.5,452.4
95,2,R,163,1126.5,675.9
95,2,X,651,1080.0,660.0
96,2,R,-123,918.4,454.5
96,2,R,229,781.2,897.1
96,2,R,357,834.2,849.4
96,2,X,793,790.0,835.0
97,2,R,-115,843.9,843.2
97,2,R,265,1335.6,282.9
97,2,X,913,1290.0,310.0
98,2,R,-112,1336.5,278.3
98,2,R,228,1630.6,136.3
98,2,R,352,1652.2,99.9
98,2,R,916,1679.6,91.6
98,2,X,956,1630.0,135.0
99,2,R,-119,1427.9,254.3
99,2,R,181,902.5,238.5
99,2,R,721,909.2,179.8
99,2,X,693,870.0,235.0
100,2,R,-114,897.2,209.6
100,2,R,262,1372.2,1129.8
100,2,R,362,1396.1,1068.1
100,2,R,510,1421.1,1078.4
100,2,X,898,1370.0,1060.0
101,2,R,-110,922.9,519.9
101,2,R,230,791.7,791.2
101,2,R,358,828.0,821.7
101,2,X,790,790.0,835.0
102,2,R,-118,860.6,595.6
102,2,R,206,497.3,426.1
102,2,R,342,470.0,425.9
102,2,R,586,457.8,425.8
102,2,X,950,450.0,450.0
103,2,R,-108,789.2,320.4
103,2,R,436,1102.2,670.0
103,2,R,616,1128.2,665.2
103,2,R,1408,1133.0,651.0
103,2,R,2476,1121.7,654.1
103,2,X,2665,1080.0,660.0
104,2,R,-112,1045.6,605.7
104,2,R,208,210.2,82.2
104,2,R,356,234.2,98.1
104,2,X,837,220.0,130.0
105,2,R,-122,718.9,262.8
105,2,R,190,1325.8,358.4
105,2,R,326,1332.6,308.5
105,2,R,562,1352.5,288.5
105,2,R,810,1331.8,294.2
105,2,X,1091,1290.0,310.0
106,2,R,-118,970.4,344.6
106,2,R,194,898.3,210.7
106,2,R,466,910.8,220.0
106,2,X,687,870.0,235.0
107,2,R,-122,909.9,219.7
107,2,R,306,406.2,855.7
107,2,R,442,401.8,951.9
107,2,X,1443,395.0,925.0
108,2,R,-116,555.4,619.3
108,2,R,216,1571.6,766.2
108,2,R,340,1629.5,712.1
108,2,X,1073,1580.0,710.0
109,2,R,-120,738.4,343.3
109,2,R,212,1592.7,123.8
109,2,R,340,1644.9,110.1
109,2,X,813,1630.0,135.0
110,2,R,-12,1013.1,425.5
110,2,R,188,891.6,225.5
110,2,X,485,870.0,235.0
111,2,R,-124,837.9,208.7
111,2,R,180,1038.3,607.7
111,2,R,292,1112.6,662.7
111,2,R,1088,1128.4,582.5
111,2,X,1073,1080.0,660.0
112,2,R,-117,740.5,258.5
112,2,R,223,835.4,875.4
112,2,R,347,801.5,831.3
112,2,X,662,790.0,835.0
113,2,R,-114,722.7,407.1
113,2,R,238,1394.4,1045.3
113,2,R,402,1427.6,1067.9
113,2,X,651,1370.0,1060.0
114,2,R,-122,1015.3,411.1
114,2,R,190,1334.9,277.8
114,2,X,681,1290.0,310.0
115,2,R,-109,1340.7,275.7
115,2,R,179,1629.0,105.7
115,2,R,307,1665.0,95.0
115,2,X,694,1630.0,135.0
116,2,R,-113,965.4,440.6
116,2,R,191,447.1,916.3
116,2,R,315,399.7,960.5
116,2,X,722,395.0,925.0
117,2,R,-118,812.9,320.2
117,2,R,202,254.7,138.6
117,2,R,354,243.3,104.3
117,2,X,661,220.0,130.0
118,2,R,-115,1005.7,598.1
118,2,R,209,487.1,468.7
118,2,R,381,463.7,458.0
118,2,X,650,450.0,450.0
119,2,R,-123,943.6,344.6
119,2,R,289,1592.8,709.8
119,2,R,421,1633.9,725.3
119,2,X,792,1580.0,710.0
120,2,R,-115,851.2,335.8
120,2,R,233,796.4,844.3
120,2,R,377,833.8,852.9
120,2,X,736,790.0,835.0
121,2,R,-121,851.1,392.4
121,2,R,195,1116.5,632.8
121,2,R,331,1123.1,656.9
121,2,X,738,1080.0,660.0
122,2,R,-118,856.7,389.1
122,2,R,230,396.6,923.9
122,2,R,378,420.7,935.7
122,2,X,717,395.0,925.0
123,2,R,-124,424.4,926.7
123,2,R,120,642.2,638.4
123,2,R,284,1401.4,985.9
123,2,R,412,1432.0,1070.7
123,2,X,719,1370.0,1060.0
124,2,R,-121,861.2,554.0
124,2,R,167,887.8,242.1
124,2,R,291,896.7,210.3
124,2,X,570,870.0,235.0
125,2,R,-124,850.9,404.6
125,2,R,196,1303.6,271.9
125,2,R,324,1343.7,286.7
125,2,X,507,1290.0,310.0
126,2,R,-118,721.4,488.7
126,2,R,242,1561.9,728.4
126,2,R,362,1634.6,718.8
126,2,X,591,1580.0,710.0
127,2,R,-118,716.8,327.7
127,2,R,178,477.9,443.6
127,2,X,543,450.0,450.0
128,2,R,-115,1209.8,417.8
128,2,R,225,258.6,132.9
128,2,R,385,241.4,100.8
128,2,X,610,220.0,130.0
129,2,R,-112,931.9,350.1
129,2,R,204,1619.9,133.9
129,2,R,340,1665.3,96.2
129,2,X,633,1630.0,135.0
130,2,R,-123,921.7,401.8
130,2,R,185,1304.9,269.7
130,2,R,321,1342.5,285.3
130,2,X,536,1290.0,310.0
131,2,R,-121,957.4,375.6
131,2,R,191,1137.9,678.3
131,2,X,682,1080.0,660.0
132,2,R,-108,1038.8,394.1
132,2,R,224,1621.8,659.3
132,2,R,356,1634.3,734.3
132,2,X,687,1580.0,710.0
133,2,R,-120,963.4,421.1
133,2,R,212,809.6,863.3
133,2,R,396,833.0,850.3
133,2,X,651,790.0,835.0
134,2,R,-122,843.2,316.0
134,2,R,246,1301.6,1042.2
134,2,R,358,1435.3,1081.2
134,2,X,721,1370.0,1060.0
135,2,R,-119,1443.8,1070.1
135,2,R,101,927.9,533.1
135,2,R,265,1543.6,155.8
135,2,R,389,1657.3,99.9
135,2,X,916,1630.0,135.0
136,2,R,-108,931.2,480.5
136,2,R,232,243.1,129.5
136,2,X,727,220.0,130.0
137,2,R,-113,998.1,554.6
137,2,R,227,434.0,488.8
137,2,R,347,469.5,467.5
137,2,X,650,450.0,450.0
138,2,R,-108,870.6,392.2
138,2,R,160,921.4,217.8
138,2,R,400,913.1,198.8
138,2,X,464,870.0,235.0
139,2,R,-110,912.9,201.5
139,2,R,238,402.0,933.5
139,2,R,398,404.9,945.2
139,2,X,750,395.0,925.0
140,2,R,-124,918.6,379.8
140,2,R,272,305.8,119.9
140,2,R,440,242.8,100.2
140,2,X,672,220.0,130.0
141,2,R,-119,990.8,525.1
141,2,R,197,1390.9,1056.9
141,2,R,317,1436.4,1089.5
141,2,X,565,1370.0,1060.0
142,2,R,-110,877.7,380.6
142,2,R,154,906.3,223.7
142,2,X,430,870.0,235.0
143,2,R,-111,917.4,221.4
143,2,R,225,1592.2,748.1
143,2,R,361,1629.7,741.4
143,2,X,661,1580.0,710.0
144,2,R,-73,902.2,312.7
144,2,R,219,828.3,841.7
144,2,X,707,790.0,835.0
145,2,R,-117,832.2,322.6
145,2,R,219,457.5,481.0
145,2,R,367,472.2,456.1
145,2,X,655,450.0,450.0
146,2,R,-120,1052.2,429.3
146,2,R,236,439.9,975.9
146,2,R,360,410.7,961.6
146,2,X,668,395.0,925.0
147,2,R,-67,929.4,446.4
147,2,R,201,1590.0,131.6
147,2,R,329,1673.8,95.2
147,2,X,601,1630.0,135.0
148,2,R,5,976.3,461.7
148,2,R,201,1339.4,287.0
148,2,X,689,1290.0,310.0
149,2,R,-7,698.3,438.1
149,2,R,185,1128.0,657.5
149,2,X,589,1080.0,660.0
150,2,R,29,804.3,354.5
150,2,R,293,1603.6,139.7
150,2,R,425,1664.0,85.2
150,2,X,709,1630.0,135.0
151,2,R,-115,783.8,450.9
151,2,R,225,399.4,993.5
151,2,R,361,404.7,951.2
151,2,X,721,395.0,925.0
152,2,R,-92,862.4,395.6
152,2,R,172,1108.5,652.1
152,2,R,304,1122.3,672.7
152,2,X,724,1080.0,660.0
153,2,R,-117,1141.4,658.2
153,2,R,175,849.1,825.9
153,2,R,319,839.0,845.6
153,2,X,767,790.0,835.0
154,2,R,-125,811.6,366.5
154,2,R,215,1578.5,748.7
154,2,R,375,1714.0,652.5
154,2,R,523,1644.6,680.7
154,2,X,831,1580.0,710.0
155,2,R,-110,930.6,502.6
155,2,R,194,338.0,137.9
155,2,R,274,222.8,77.7
155,2,R,386,249.4,105.5
155,2,R,618,238.3,110.8
155,2,X,774,220.0,130.0
156,2,R,-117,1180.5,238.1
156,2,R,239,1385.6,1083.1
156,2,R,371,1443.2,1086.1
156,2,X,719,1370.0,1060.0
157,2,R,-122,1093.8,367.7
157,2,R,170,1334.7,280.4
157,2,X,602,1290.0,310.0
158,2,R,-122,952.9,397.9
158,2,R,162,899.2,230.3
158,2,X,642,870.0,235.0
159,2,R,-116,913.8,582.1
159,2,R,216,469.3,443.8
159,2,X,520,450.0,450.0
160,2,R,-121,931.0,525.9
160,2,R,183,1151.5,674.8
160,2,R,315,1141.6,674.3
160,2,X,579,1080.0,660.0
161,2,R,-112,1151.8,661.0
161,2,R,204,480.8,445.9
161,2,X,588,450.0,450.0
162,2,R,-116,1012.1,585.8
162,2,R,176,906.2,235.0
162,2,R,344,906.6,215.4
162,2,X,452,870.0,235.0
163,2,R,-122,1004.3,690.8
163,2,R,198,442.0,901.2
163,2,R,334,417.6,945.0
163,2,X,402,395.0,925.0
164,2,R,-122,771.0,440.5
164,2,R,206,1331.1,961.7
164,2,R,318,1413.6,1071.0
164,2,R,446,1445.3,1097.2
164,2,X,530,1370.0,1060.0
165,2,R,-111,790.2,464.7
165,2,R,181,1345.2,318.0
165,2,R,377,1344.7,293.7
165,2,X,533,1290.0,310.0
166,2,R,-108,905.6,495.0
166,2,R,236,1580.7,719.3
166,2,R,348,1644.1,724.8
166,2,X,528,1580.0,710.0
167,2,R,-113,916.1,456.9
167,2,R,199,1557.6,135.2
167,2,R,319,1658.0,104.5
167,2,X,563,1630.0,135.0
168,2,R,-63,896.6,517.2
168,2,R,185,859.3,772.6
168,2,R,309,833.9,832.0
168,2,R,477,849.0,844.2
168,2,X,645,790.0,835.0
169,2,R,-73,1038.1,286.5
169,2,R,203,244.4,105.9
169,2,X,595,220.0,130.0
170,2,R,-113,992.8,508.9
170,2,R,251,1445.5,1076.2
170,2,R,391,1443.6,1091.4
170,2,X,643,1370.0,1060.0
171,2,R,-114,964.5,518.9
171,2,R,166,900.9,220.6
171,2,X,626,870.0,235.0
172,2,R,-116,1002.7,481.0
172,2,R,172,471.7,465.0
172,2,X,720,450.0,450.0
173,2,R,-121,1139.5,613.6
173,2,R,183,844.3,869.6
173,2,R,455,840.8,848.5
173,2,X,611,790.0,835.0
174,2,R,-101,998.0,431.1
174,2,R,251,340.5,1037.3
174,2,R,347,406.4,945.2
174,2,X,715,395.0,925.0
175,2,R,-109,940.2,499.1
175,2,R,211,1587.8,721.5
175,2,R,327,1635.1,707.4
175,2,X,551,1580.0,710.0
176,2,R,-64,1153.5,559.5
176,2,R,200,1620.6,110.1
176,2,R,328,1665.0,90.3
176,2,X,568,1630.0,135.0
177,2,R,-55,1275.4,373.4
177,2,R,177,1342.6,298.0
177,2,X,490,1290.0,310.0
178,2,R,-118,1350.0,292.8
178,2,R,166,1134.4,663.0
178,2,R,310,1120.5,682.4
178,2,X,631,1080.0,660.0
179,2,R,-111,1067.9,411.1
179,2,R,197,231.5,140.2
179,2,R,357,243.7,104.1
179,2,X,598,220.0,130.0
180,2,R,-99,1006.3,591.1
180,2,R,213,796.2,866.6
180,2,R,329,836.9,852.9
180,2,X,718,790.0,835.0
181,2,R,-124,989.8,462.5
181,2,R,208,467.1,465.3
181,2,R,704,543.8,350.3
181,2,X,641,450.0,450.0
182,2,R,-118,983.7,445.7
182,2,R,234,1401.6,1094.8
182,2,R,358,1444.3,1081.4
182,2,X,743,1370.0,1060.0
183,2,R,-116,1122.0,527.2
183,2,R,204,1579.6,676.7
183,2,R,316,1633.6,710.0
183,2,X,689,1580.0,710.0
184,2,R,-118,1641.2,700.4
184,2,R,166,1368.6,285.8
184,2,R,1666,1030.0,259.3
184,2,R,1818,1282.8,298.8
184,2,R,1938,1335.4,271.9
184,2,X,2325,1290.0,310.0
185,2,R,-116,985.3,412.3
185,2,R,232,342.9,992.9
185,2,R,348,405.1,932.2
185,2,X,655,395.0,925.0
186,2,R,-118,725.2,382.2
186,2,R,198,1156.2,591.6
186,2,R,358,1133.4,630.3
186,2,X,749,1080.0,660.0
187,2,R,-108,976.1,441.5
187,2,R,188,195.4,59.9
187,2,R,308,240.6,88.8
187,2,X,703,220.0,130.0
188,2,R,-121,941.2,325.5
188,2,R,187,1598.8,173.4
188,2,R,307,1638.9,100.9
188,2,R,471,1664.0,83.6
188,2,X,706,1630.0,135.0
189,2,R,-97,741.8,464.1
189,2,R,175,911.6,244.3
189,2,R,307,908.2,213.1
189,2,X,654,870.0,235.0
190,2,R,-120,977.8,208.5
190,2,R,208,474.5,479.4
190,2,R,372,474.3,443.0
190,2,X,579,450.0,450.0
191,2,R,-111,483.0,420.9
191,2,R,197,266.1,93.0
191,2,R,333,248.2,84.2
191,2,X,796,220.0,130.0
192,2,R,-112,255.1,102.2
192,2,R,172,852.0,240.2
192,2,R,296,911.3,217.4
192,2,X,661,870.0,235.0
193,2,R,-115,918.2,210.8
193,2,R,221,1123.1,714.2
193,2,R,337,1135.8,664.1
193,2,R,705,1168.8,612.6
193,2,X,682,1080.0,660.0
194,2,R,-110,954.0,329.7
194,2,R,218,1640.4,722.2
194,2,R,342,1634.1,698.9
194,2,X,839,1580.0,710.0
195,2,R,-120,1228.2,555.6
195,2,R,196,817.4,759.0
195,2,R,884,870.6,747.8
195,2,R,1072,839.1,787.6
195,2,X,1373,790.0,835.0
196,2,R,-119,826.8,377.6
196,2,R,241,358.6,878.4
196,2,R,361,417.0,885.3
196,2,X,790,395.0,925.0
197,2,R,-119,416.7,887.8
197,2,R,141,433.8,412.1
197,2,R,305,1376.9,1062.4
197,2,R,429,1443.7,1029.4
197,2,X,726,1370.0,1060.0
198,2,R,-116,1449.2,1022.0
198,2,R,160,1298.8,291.5
198,2,R,300,1343.7,239.7
198,2,X,953,1290.0,310.0
199,2,R,-121,1089.9,275.3
199,2,R,203,1613.7,68.5
199,2,R,319,1662.0,62.3
199,2,X,722,1630.0,135.0
0,3,R,-119,961.6,597.3
0,3,R,921,1468.5,1200.5
0,3,R,1049,1424.5,1226.7
0,3,R,1153,1391.0,1193.9
0,3,R,1253,1424.7,1268.5
0,3,R,1565,1347.5,1099.8
0,3,R,1801,1343.0,1177.3
0,3,R,1885,1361.7,1141.0
0,3,R,2149,1367.8,1150.1
0,3,X,2290,1370.0,1060.0
1,3,R,-8,830.7,374.6
1,3,R,44,852.4,414.6
1,3,R,212,1539.8,201.3
1,3,R,328,1624.4,155.2
1,3,R,528,1595.9,126.6
1,3,X,989,1630.0,135.0
2,3,R,80,725.3,352.4
2,3,R,304,817.8,1193.7
2,3,R,400,770.3,915.5
2,3,R,472,777.7,916.0
2,3,X,941,790.0,835.0
3,3,R,-118,1094.2,470.0
3,3,R,106,1421.3,296.4
3,3,R,190,926.9,133.3
3,3,R,306,835.9,212.8
3,3,R,574,833.3,189.4
3,3,X,839,870.0,235.0
4,3,R,-120,847.4,169.7
4,3,R,176,1312.9,300.2
4,3,R,332,1318.1,249.0
4,3,R,548,1353.7,209.2
4,3,R,696,1282.7,249.5
4,3,X,1349,1290.0,310.0
5,3,R,52,3270.0,-494.7
5,3,R,196,3270.0,-362.6
5,3,R,388,3270.0,-234.6
5,3,R,840,1369.3,330.0
5,3,R,1024,1720.9,767.5
5,3,R,1140,1651.1,778.1
5,3,R,1240,1632.4,811.3
5,3,X,1775,1580.0,710.0
6,3,R,-116,831.0,642.9
6,3,R,176,1164.0,707.2
6,3,R,320,1128.3,643.4
6,3,X,1047,1080.0,660.0
7,3,R,-110,942.7,710.1
7,3,R,186,415.2,941.8
7,3,R,358,457.5,1032.1
7,3,X,1693,395.0,925.0
8,3,R,-111,807.8,618.6
8,3,R,165,414.0,549.2
8,3,R,301,457.9,528.1
8,3,X,1472,450.0,450.0
9,3,R,-119,1149.7,583.5
9,3,R,269,172.8,671.1
9,3,R,393,158.4,775.9
9,3,R,513,146.7,758.3
9,3,R,689,209.1,919.1
9,3,R,961,221.4,760.3
9,3,R,1633,208.3,535.4
9,3,R,1713,219.6,354.6
9,3,X,2700,220.0,130.0
10,3,R,-24,929.8,831.8
10,3,R,76,901.9,743.4
10,3,R,164,453.2,678.7
10,3,R,292,436.9,652.3
10,3,X,1191,450.0,450.0
11,3,R,-117,937.2,672.9
11,3,R,255,1433.9,1538.0
11,3,R,395,1486.3,1577.9
11,3,R,487,1475.0,1611.7
11,3,R,587,1474.3,1693.9
11,3,R,727,1460.8,1604.3
11,3,R,943,1501.6,1673.4
11,3,X,1870,1370.0,1060.0
12,3,R,-121,800.8,671.9
12,3,R,223,207.0,322.0
12,3,X,802,220.0,130.0
13,3,R,-121,992.2,633.9
13,3,R,251,1565.6,1105.1
13,3,R,335,1597.0,940.4
13,3,R,443,1612.5,821.9
13,3,R,647,1626.8,555.2
13,3,R,759,1589.9,586.1
13,3,R,1103,1690.9,-68.6
13,3,R,1163,1658.8,106.6
13,3,R,1591,1707.7,1337.3
13,3,R,1631,1689.9,1245.3
13,3,R,1763,1666.9,884.5
13,3,R,1835,1666.4,660.8
13,3,R,1927,1644.7,423.1
13,3,R,2379,1653.3,357.7
13,3,X,2858,1630.0,135.0
14,3,R,-118,1661.1,358.2
14,3,R,70,1303.1,532.7
14,3,R,226,1135.3,1080.8
14,3,R,358,1111.9,1075.3
14,3,X,789,1080.0,660.0
15,3,R,-117,1126.3,1062.7
15,3,R,171,1698.1,1259.0
15,3,X,646,1580.0,710.0
16,3,R,-111,1699.5,1234.9
16,3,R,205,513.8,1183.6
16,3,R,325,414.6,1198.0
16,3,R,541,428.2,1220.3
16,3,X,788,395.0,925.0
17,3,R,-119,778.1,798.8
17,3,R,157,851.2,468.3
17,3,X,629,870.0,235.0
18,3,R,-112,1117.1,753.0
18,3,R,204,825.2,1293.7
18,3,X,740,790.0,835.0
19,3,R,-118,829.3,1285.8
19,3,R,150,1162.0,501.4
19,3,R,258,1307.8,605.2
19,3,X,686,1290.0,310.0
20,3,R,-122,1320.8,577.6
20,3,R,246,389.3,1183.3
20,3,R,386,436.8,1200.7
20,3,X,810,395.0,925.0
21,3,R,-114,1166.6,749.7
21,3,R,286,1504.6,1587.0
21,3,R,1874,1264.6,1078.2
21,3,R,2118,1480.5,1490.9
21,3,R,2234,1454.3,1434.5
21,3,R,2278,1467.0,1443.8
21,3,X,2938,1370.0,1060.0
22,3,R,-122,920.4,554.6
22,3,R,178,1267.7,413.7
22,3,R,302,1302.3,406.1
22,3,X,642,1290.0,310.0
23,3,R,-116,792.6,555.2
23,3,R,352,1136.5,899.3
23,3,R,596,1115.4,924.4
23,3,X,1096,1080.0,660.0
24,3,R,-112,766.3,566.7
24,3,R,236,773.5,1190.4
24,3,R,360,823.1,1232.3
24,3,X,748,790.0,835.0
25,3,R,-110,820.0,715.4
25,3,R,194,1541.0,966.0
25,3,R,302,1643.2,945.9
25,3,X,718,1580.0,710.0
26,3,R,-123,956.2,579.3
26,3,R,181,439.9,569.3
26,3,R,917,465.5,515.7
26,3,X,993,450.0,450.0
27,3,R,-115,1104.9,442.2
27,3,R,233,158.4,250.8
27,3,R,353,213.5,238.3
27,3,X,577,220.0,130.0
28,3,R,-62,1417.6,358.5
28,3,R,158,1662.4,271.3
28,3,X,442,1630.0,135.0
29,3,R,449,874.5,600.4
29,3,R,693,923.4,270.9
29,3,R,821,881.7,312.5
29,3,R,1089,827.6,264.6
29,3,R,1153,795.1,197.5
29,3,R,1209,805.7,315.6
29,3,R,1465,832.2,317.5
29,3,R,1557,868.8,424.1
29,3,R,1697,873.1,361.7
29,3,R,1849,860.3,337.2
29,3,R,2097,863.3,339.0
29,3,R,2345,862.0,335.3
29,3,X,2649,870.0,235.0
30,3,R,-111,868.2,348.4
30,3,R,173,1096.1,1054.5
30,3,R,445,1155.8,872.1
30,3,R,565,1110.0,873.3
30,3,X,1165,1080.0,660.0
31,3,R,-109,939.5,618.4
31,3,R,223,1598.5,936.8
31,3,R,367,1626.4,902.4
31,3,X,839,1580.0,710.0
32,3,R,-119,1308.2,815.1
32,3,R,253,1268.4,351.3
32,3,R,393,1285.4,331.1
32,3,R,465,1289.1,365.0
32,3,R,697,1307.0,386.0
32,3,R,837,1239.1,400.1
32,3,R,1273,1264.9,386.4
32,3,R,1537,1276.0,363.4
32,3,R,1617,1281.7,406.9
32,3,R,1685,1253.9,361.7
32,3,R,1745,1279.5,459.9
32,3,R,1789,1238.6,461.0
32,3,R,1817,1224.4,402.4
32,3,R,1961,1248.9,451.4
32,3,R,2017,1250.6,452.7
32,3,R,2101,1254.6,484.3
32,3,R,2145,1275.4,450.3
32,3,R,2201,1274.4,556.1
32,3,R,2485,1249.4,614.6
32,3,R,2541,1248.7,502.5
32,3,R,2765,1302.0,431.9
32,3,R,2853,1290.5,409.1
32,3,R,2953,1281.9,431.6
32,3,R,3737,1283.8,457.9
32,3,X,3725,1290.0,310.0
33,3,R,-35,759.1,501.4
33,3,R,197,817.2,1217.4
33,3,R,477,795.3,1043.9
33,3,R,621,829.1,1089.5
33,3,X,685,790.0,835.0
34,3,R,-123,760.3,575.5
34,3,R,213,1359.2,1421.8
34,3,R,321,1480.6,1584.9
34,3,X,793,1370.0,1060.0
35,3,R,-115,1074.0,665.2
35,3,R,257,1572.6,285.9
35,3,R,633,-2788.6,-61.5
35,3,R,793,-2880.6,-12.3
35,3,R,853,-2985.9,-132.7
35,3,R,1505,1137.4,403.1
35,3,R,1685,1530.9,191.6
35,3,R,1833,1593.2,199.0
35,3,R,2045,1610.3,191.1
35,3,R,2213,1607.6,244.5
35,3,R,2261,1612.7,266.1
35,3,R,2325,1633.6,235.8
35,3,X,2833,1630.0,135.0
36,3,R,-110,1077.7,319.6
36,3,R,150,858.0,324.0
36,3,X,918,870.0,235.0
37,3,R,-123,871.6,323.0
37,3,R,189,207.3,223.1
37,3,R,353,203.3,193.4
37,3,X,609,220.0,130.0
38,3,R,-107,1076.7,795.3
38,3,R,245,469.8,1403.6
38,3,R,381,430.0,1305.8
38,3,X,641,395.0,925.0
39,3,R,-117,428.5,1263.3
39,3,R,147,514.0,490.1
39,3,R,267,423.7,530.0
39,3,X,543,450.0,450.0
40,3,R,-115,773.6,555.3
40,3,R,49,773.1,556.3
40,3,R,169,863.8,317.3
40,3,X,609,870.0,235.0
41,3,R,-115,850.1,285.4
41,3,R,177,405.5,589.7
41,3,R,289,451.7,518.2
41,3,X,545,450.0,450.0
42,3,R,-113,999.5,390.3
42,3,R,187,1356.6,379.7
42,3,R,327,1331.1,364.5
42,3,X,451,1290.0,310.0
43,3,R,-123,741.7,428.4
43,3,R,225,1583.6,871.7
43,3,R,345,1653.7,859.6
43,3,X,457,1580.0,710.0
44,3,R,-117,847.4,419.6
44,3,R,195,1556.9,258.9
44,3,R,311,1654.0,213.5
44,3,X,479,1630.0,135.0
45,3,R,-112,815.9,854.1
45,3,R,200,1393.0,1362.4
45,3,R,312,1489.7,1498.3
45,3,X,708,1370.0,1060.0
46,3,R,-60,852.5,535.0
46,3,R,172,1099.4,812.9
46,3,R,292,1123.6,829.8
46,3,X,745,1080.0,660.0
47,3,R,50,1171.7,737.9
47,3,R,186,1155.9,680.9
47,3,R,234,1143.0,750.3
47,3,R,378,198.2,122.2
47,3,R,554,206.5,99.4
47,3,R,806,199.2,67.6
47,3,R,1226,194.3,50.4
47,3,R,1302,194.5,114.3
47,3,R,1490,194.9,69.7
47,3,R,1534,192.6,109.9
47,3,R,1734,202.1,99.7
47,3,X,1931,220.0,130.0
48,3,R,-56,793.0,353.9
48,3,R,316,301.0,1137.9
48,3,R,392,372.4,1091.6
48,3,X,789,395.0,925.0
49,3,R,-76,789.8,638.7
49,3,R,44,788.9,646.9
49,3,R,228,822.4,1235.4
49,3,R,352,829.7,1159.8
49,3,X,613,790.0,835.0
50,3,R,-113,879.0,507.6
50,3,R,55,877.6,470.3
50,3,R,107,877.9,539.9
50,3,R,175,458.7,500.7
50,3,R,311,435.6,477.0
50,3,X,700,450.0,450.0
51,3,R,-108,439.8,472.5
51,3,R,188,208.3,153.9
51,3,R,340,193.6,141.6
51,3,X,601,220.0,130.0
52,3,R,-12,852.3,321.4
52,3,R,224,1640.1,195.7
52,3,X,681,1630.0,135.0
53,3,R,-111,837.9,504.5
53,3,R,149,861.5,285.3
53,3,X,518,870.0,235.0
54,3,R,-116,1049.0,574.0
54,3,R,208,858.7,1275.2
54,3,R,380,865.7,1308.1
54,3,X,649,790.0,835.0
55,3,R,-110,828.5,719.9
55,3,R,226,378.0,1272.3
55,3,R,370,402.3,1344.3
55,3,X,655,395.0,925.0
56,3,R,-120,412.5,1337.1
56,3,R,200,1229.8,592.2
56,3,R,316,1289.8,468.0
56,3,X,621,1290.0,310.0
57,3,R,-121,793.7,806.1
57,3,R,259,1576.7,924.5
57,3,R,375,1633.9,892.0
57,3,X,548,1580.0,710.0
58,3,R,-111,694.9,591.8
58,3,R,209,1114.4,892.8
58,3,R,353,1134.6,916.4
58,3,X,630,1080.0,660.0
59,3,R,-110,777.3,434.0
59,3,R,262,1431.8,1518.0
59,3,R,366,1459.8,1455.3
59,3,X,525,1370.0,1060.0
60,3,R,-27,838.8,609.5
60,3,R,209,1568.1,261.2
60,3,R,325,1646.1,228.7
60,3,X,488,1630.0,135.0
61,3,R,-119,628.9,404.5
61,3,R,201,215.9,178.4
61,3,R,373,209.6,181.0
61,3,X,476,220.0,130.0
62,3,R,-69,792.5,415.3
62,3,R,315,884.9,1185.6
62,3,R,427,885.8,1165.6
62,3,R,543,867.0,1106.6
62,3,X,706,790.0,835.0
63,3,R,42,822.4,496.7
63,3,R,170,1557.1,797.0
63,3,R,298,1641.7,802.7
63,3,R,574,1585.5,695.8
63,3,R,658,1610.0,754.7
63,3,R,714,1632.0,721.3
63,3,R,1342,1669.8,721.8
63,3,R,1522,1614.6,775.8
63,3,R,1934,1635.4,806.3
63,3,R,2214,1636.1,835.1
63,3,X,2429,1580.0,710.0
64,3,R,-113,943.6,507.2
64,3,R,175,1100.9,787.2
64,3,R,303,1107.7,831.1
64,3,X,514,1080.0,660.0
65,3,R,-109,1105.2,866.9
65,3,R,231,1448.2,1509.0
65,3,R,379,1485.2,1568.1
65,3,X,614,1370.0,1060.0
66,3,R,-89,961.1,492.4
66,3,R,211,384.3,561.9
66,3,R,335,442.2,554.9
66,3,X,990,450.0,450.0
67,3,R,279,-2446.9,816.1
67,3,R,415,-1526.5,1016.0
67,3,R,671,-1328.6,1018.5
67,3,R,1487,406.7,593.3
67,3,R,1611,1173.5,461.9
67,3,R,1759,1235.0,401.4
67,3,R,2027,1308.9,399.3
67,3,X,2422,1290.0,310.0
68,3,R,-120,705.7,317.5
68,3,R,164,884.9,314.3
68,3,R,320,871.6,295.8
68,3,X,643,870.0,235.0
69,3,R,-113,870.9,340.0
69,3,R,203,381.7,1217.1
69,3,R,331,423.0,1318.9
69,3,R,427,426.3,1293.2
69,3,X,562,395.0,925.0
70,3,R,-112,892.0,351.8
70,3,R,196,391.0,557.5
70,3,R,312,442.7,548.8
70,3,X,531,450.0,450.0
71,3,R,-111,935.0,347.6
71,3,R,177,1348.9,445.6
71,3,R,309,1332.0,446.2
71,3,X,430,1290.0,310.0
72,3,R,-112,643.2,415.3
72,3,R,216,1573.8,286.5
72,3,R,332,1657.0,263.4
72,3,X,421,1630.0,135.0
73,3,R,-122,761.6,422.3
73,3,R,242,1446.0,1571.4
73,3,R,346,1473.8,1458.0
73,3,X,637,1370.0,1060.0
74,3,R,-120,820.3,401.1
74,3,R,220,868.6,1316.0
74,3,R,340,882.3,1338.5
74,3,R,392,878.4,1343.8
74,3,X,539,790.0,835.0
75,3,R,-118,858.7,388.7
75,3,R,190,1149.5,913.6
75,3,R,334,1145.1,893.2
75,3,X,493,1080.0,660.0
76,3,R,-85,846.6,507.6
76,3,R,219,418.1,1392.6
76,3,R,339,444.0,1328.5
76,3,X,442,395.0,925.0
77,3,R,-115,711.3,448.2
77,3,R,213,1639.2,890.4
77,3,R,397,1646.7,900.4
77,3,X,696,1580.0,710.0
78,3,R,-109,951.3,480.0
78,3,R,171,883.1,346.0
78,3,X,516,870.0,235.0
79,3,R,-124,794.8,743.0
79,3,R,184,198.3,300.2
79,3,R,296,207.5,239.0
79,3,X,559,220.0,130.0
80,3,R,-114,609.7,324.5
80,3,R,194,589.7,1551.5
80,3,R,310,447.3,1387.4
80,3,R,494,430.8,1333.7
80,3,X,657,395.0,925.0
81,3,R,-116,912.7,653.7
81,3,R,232,218.8,224.4
81,3,X,816,220.0,130.0
82,3,R,-109,991.7,652.4
82,3,R,199,476.1,655.8
82,3,R,343,451.4,613.7
82,3,X,543,450.0,450.0
83,3,R,-59,997.4,665.4
83,3,R,185,1595.7,892.0
83,3,R,301,1647.9,901.9
83,3,X,457,1580.0,710.0
84,3,R,-115,923.6,769.4
84,3,R,225,879.6,1401.1
84,3,R,345,896.9,1359.8
84,3,X,591,790.0,835.0
85,3,R,-119,902.1,1321.1
85,3,R,189,1489.0,1468.1
85,3,X,503,1370.0,1060.0
86,3,R,-119,1494.9,1427.6
86,3,R,117,1075.8,710.8
86,3,R,209,1421.2,357.2
86,3,R,281,1671.7,284.6
86,3,X,491,1630.0,135.0
87,3,R,-116,1684.1,277.3
87,3,R,156,752.5,549.9
87,3,R,272,871.8,399.0
87,3,X,512,870.0,235.0
88,3,R,-113,881.9,385.1
88,3,R,179,1351.0,494.4
88,3,X,563,1290.0,310.0
89,3,R,-111,1362.7,486.1
89,3,R,169,1149.5,925.6
89,3,R,449,1157.8,997.0
89,3,X,573,1080.0,660.0
90,3,R,-118,1159.7,941.5
90,3,R,3038,1588.0,195.0
90,3,R,3174,1669.4,113.3
90,3,R,3366,1620.6,136.7
90,3,R,3510,1642.8,115.5
90,3,R,3558,1654.8,179.9
90,3,R,3686,1696.2,131.3
90,3,R,3782,1642.3,250.4
90,3,R,3854,1614.9,334.5
90,3,R,4006,1656.6,202.0
90,3,R,4710,1658.9,146.7
90,3,R,4774,1691.3,178.5
90,3,R,4874,1677.6,200.4
90,3,X,5590,1630.0,135.0
91,3,R,-122,1677.5,210.2
91,3,R,182,1136.8,921.3
91,3,R,398,1155.3,930.4
91,3,X,898,1080.0,660.0
92,3,R,-110,1153.9,947.6
92,3,R,170,1305.3,404.5
92,3,R,314,1341.2,414.0
92,3,X,638,1290.0,310.0
93,3,R,52,1284.7,1352.4
93,3,R,192,221.4,607.9
93,3,R,320,191.8,560.3
93,3,R,640,266.5,252.8
93,3,R,1180,255.0,301.2
93,3,R,1288,246.6,221.3
93,3,X,2156,220.0,130.0
94,3,R,-23,921.6,934.3
94,3,R,189,1420.9,1393.7
94,3,R,309,1488.2,1380.3
94,3,X,653,1370.0,1060.0
95,3,R,1546,969.4,1414.9
95,3,R,1762,405.0,1059.5
95,3,R,1898,418.0,1042.9
95,3,R,2022,437.8,1149.3
95,3,X,2666,395.0,925.0
96,3,R,-110,842.4,833.7
96,3,R,186,442.4,509.3
96,3,R,314,465.9,541.9
96,3,X,790,450.0,450.0
97,3,R,18,678.9,400.8
97,3,R,258,1617.5,838.2
97,3,R,382,1664.3,863.3
97,3,X,566,1580.0,710.0
98,3,R,-125,849.5,515.7
98,3,R,215,909.0,1456.5
98,3,R,335,906.9,1345.0
98,3,X,375,790.0,835.0
99,3,R,-116,949.7,492.7
99,3,R,164,893.7,336.5
99,3,R,716,908.4,284.6
99,3,X,784,870.0,235.0
100,3,R,-123,843.2,309.4
100,3,R,97,891.5,354.0
100,3,R,301,451.9,561.6
100,3,R,825,665.3,1155.2
100,3,R,885,647.6,1294.3
100,3,R,1033,1007.2,1962.7
100,3,R,1129,1029.2,1832.2
100,3,R,1197,1045.2,1996.6
100,3,R,1313,1069.0,2219.3
100,3,R,1397,1065.1,1975.1
100,3,R,1585,1168.4,1535.4
100,3,R,1685,1208.6,1589.4
100,3,R,1773,1212.6,1506.8
100,3,R,1853,1220.1,1556.6
100,3,R,1917,1173.2,1371.5
100,3,R,2009,1155.3,1350.0
100,3,R,2069,1163.7,1451.9
100,3,R,2145,1145.9,1378.4
100,3,R,2273,415.4,413.8
100,3,R,2433,449.5,629.9
100,3,R,2497,441.5,675.8
100,3,R,2593,472.5,405.7
100,3,R,2749,473.1,571.1
100,3,R,2829,479.4,517.5
100,3,R,2929,490.1,581.2
100,3,R,2989,486.5,437.8
100,3,R,3081,473.1,564.0
100,3,R,3141,440.5,646.0
100,3,R,3257,455.0,565.6
100,3,X,3529,450.0,450.0
101,3,R,-103,445.7,569.2
101,3,R,213,1581.0,326.4
101,3,R,321,1650.1,254.0
101,3,X,553,1630.0,135.0
102,3,R,-121,905.7,392.6
102,3,R,235,439.4,1638.8
102,3,R,339,444.9,1386.0
102,3,X,587,395.0,925.0
103,3,R,-121,812.1,694.4
103,3,R,191,1587.0,1060.7
103,3,R,299,1647.2,956.9
103,3,X,643,1580.0,710.0
104,3,R,-115,1047.1,674.3
104,3,R,209,1132.3,980.1
104,3,R,353,1164.8,995.7
104,3,X,545,1080.0,660.0
105,3,R,-112,710.6,556.3
105,3,R,160,884.6,370.5
105,3,X,524,870.0,235.0
106,3,R,-117,893.4,372.7
106,3,R,163,1350.8,509.2
106,3,R,311,1332.6,470.0
106,3,X,551,1290.0,310.0
107,3,R,-124,851.1,469.6
107,3,R,248,1450.8,1749.8
107,3,R,364,1503.3,1626.8
107,3,X,600,1370.0,1060.0
108,3,R,-120,950.2,687.0
108,3,R,216,867.7,1449.8
108,3,R,328,871.1,1327.7
108,3,X,528,790.0,835.0
109,3,R,-113,890.8,1315.7
109,3,R,211,226.1,276.9
109,3,R,335,223.4,209.2
109,3,X,579,220.0,130.0
110,3,R,-112,992.7,516.4
110,3,R,172,896.7,320.3
110,3,X,484,870.0,235.0
111,3,R,-123,1301.0,336.6
111,3,R,249,238.8,232.3
111,3,X,522,220.0,130.0
112,3,R,-120,1288.6,499.8
112,3,R,236,376.0,1258.8
112,3,R,368,440.9,1333.8
112,3,X,685,395.0,925.0
113,3,R,-88,984.7,563.1
113,3,R,176,1331.4,484.7
113,3,X,545,1290.0,310.0
114,3,R,-113,923.3,568.1
114,3,R,211,1629.1,270.1
114,3,R,335,1690.6,253.2
114,3,X,596,1630.0,135.0
115,3,R,-113,673.3,544.8
115,3,R,223,909.0,1471.7
115,3,R,395,900.4,1397.2
115,3,X,548,790.0,835.0
116,3,R,-110,711.3,733.0
116,3,R,194,465.8,547.0
116,3,X,415,450.0,450.0
117,3,R,-67,1064.0,683.0
117,3,R,229,1483.1,1624.3
117,3,R,349,1510.5,1553.6
117,3,X,510,1370.0,1060.0
118,3,R,-117,1117.9,994.2
118,3,R,211,1657.4,921.9
118,3,X,418,1580.0,710.0
119,3,R,-124,1662.6,911.1
119,3,R,204,1182.2,970.8
119,3,X,601,1080.0,660.0
120,3,R,-124,1193.6,953.8
120,3,R,196,244.8,282.5
120,3,R,336,231.7,222.4
120,3,X,425,220.0,130.0
121,3,R,-117,1079.2,551.3
121,3,R,187,1678.4,253.5
121,3,X,576,1630.0,135.0
122,3,R,-112,806.0,529.0
122,3,R,72,803.7,541.3
122,3,R,224,904.5,1285.3
122,3,R,292,909.5,1291.6
122,3,R,348,900.6,1339.1
122,3,X,441,790.0,835.0
123,3,R,-116,821.3,628.8
123,3,R,264,1442.8,1569.1
123,3,R,388,1538.2,1595.2
123,3,X,559,1370.0,1060.0
124,3,R,-66,952.7,744.9
124,3,R,170,890.3,328.5
124,3,R,310,900.9,316.0
124,3,X,665,870.0,235.0
125,3,R,24,1207.3,1001.5
125,3,R,240,1193.9,982.5
125,3,X,495,1080.0,660.0
126,3,R,-112,1091.9,759.2
126,3,R,204,1390.6,411.0
126,3,R,820,1409.6,512.3
126,3,R,1024,1341.2,574.4
126,3,X,2395,1290.0,310.0
127,3,R,-113,1335.6,525.1
127,3,R,119,899.3,1066.1
127,3,R,243,482.1,1309.2
127,3,R,367,405.6,1345.9
127,3,R,535,434.6,1375.7
127,3,R,831,428.7,1354.6
127,3,R,1407,432.9,1317.0
127,3,R,2671,428.4,1287.1
127,3,X,3378,395.0,925.0
128,3,R,-115,441.3,1284.0
128,3,R,89,498.3,438.7
128,3,R,325,1601.1,911.2
128,3,R,457,1651.4,884.1
128,3,X,1664,1580.0,710.0
129,3,R,-114,821.6,367.0
129,3,R,174,452.0,627.0
129,3,R,314,439.7,612.3
129,3,X,597,450.0,450.0
130,3,R,-83,749.8,617.1
130,3,R,849,1559.5,291.8
130,3,R,1009,1656.6,258.5
130,3,R,1533,1657.6,214.9
130,3,X,2230,1630.0,135.0
131,3,R,-114,628.0,500.6
131,3,R,206,1524.6,924.0
131,3,R,318,1632.4,947.0
131,3,X,699,1580.0,710.0
132,3,R,-110,1649.2,912.2
132,3,R,202,499.8,1268.6
132,3,R,330,431.3,1262.8
132,3,X,959,395.0,925.0
133,3,R,-116,637.6,602.1
133,3,R,160,844.6,354.9
133,3,R,296,870.1,324.5
133,3,X,593,870.0,235.0
134,3,R,-114,909.1,363.3
134,3,R,230,817.5,1485.9
134,3,R,322,868.6,1342.5
134,3,X,625,790.0,835.0
135,3,R,-39,794.2,446.0
135,3,R,181,499.2,536.8
135,3,R,329,463.8,532.5
135,3,R,977,462.5,549.2
135,3,X,1672,450.0,450.0
136,3,R,-119,468.5,548.8
136,3,R,185,1238.0,515.1
136,3,R,297,1321.8,437.0
136,3,R,469,1349.9,403.0
136,3,X,716,1290.0,310.0
137,3,R,-124,593.0,479.6
137,3,R,188,228.9,198.1
137,3,R,496,219.8,207.8
137,3,X,663,220.0,130.0
138,3,R,-111,926.3,496.4
138,3,R,209,1177.2,1040.8
138,3,R,353,1164.4,975.2
138,3,X,700,1080.0,660.0
139,3,R,-123,941.3,649.5
139,3,R,237,1460.1,1514.4
139,3,R,361,1506.5,1541.1
139,3,X,712,1370.0,1060.0
140,3,R,-39,1161.7,919.3
140,3,R,169,895.2,1323.0
140,3,R,405,895.5,1338.8
140,3,X,636,790.0,835.0
141,3,R,-121,907.6,1327.0
141,3,R,195,1180.2,928.0
141,3,R,447,1167.7,877.7
141,3,X,1018,1080.0,660.0
142,3,R,-123,974.8,844.1
142,3,R,305,1606.4,229.6
142,3,R,429,1670.9,224.3
142,3,X,768,1630.0,135.0
143,3,R,-122,1202.6,1057.6
143,3,R,62,927.2,717.8
143,3,R,402,1258.3,2806.4
143,3,R,478,1242.8,2697.0
143,3,R,542,1213.2,2505.2
143,3,R,722,1677.8,1422.8
143,3,R,794,1661.0,1155.3
143,3,R,1138,1307.2,2233.4
143,3,R,1346,1137.1,2493.1
143,3,R,1746,1674.3,1041.1
143,3,R,1886,1667.1,1050.6
143,3,R,2106,1663.8,1067.5
143,3,R,2550,1660.7,981.9
143,3,X,3258,1580.0,710.0
144,3,R,-118,724.9,746.9
144,3,R,166,853.1,420.4
144,3,R,302,886.5,385.4
144,3,X,646,870.0,235.0
145,3,R,-112,898.6,412.2
145,3,R,212,345.2,1350.5
145,3,R,324,456.2,1494.2
145,3,X,804,395.0,925.0
146,3,R,-121,680.0,601.8
146,3,R,195,1362.5,594.3
146,3,R,327,1339.9,537.4
146,3,X,459,1290.0,310.0
147,3,R,-115,1350.2,527.2
147,3,R,213,290.8,371.7
147,3,R,337,219.2,325.1
147,3,X,569,220.0,130.0
148,3,R,-122,1036.2,584.9
148,3,R,234,465.5,677.4
148,3,X,778,450.0,450.0
149,3,R,-113,721.8,573.4
149,3,R,239,1423.8,1448.2
149,3,R,355,1518.8,1631.8
149,3,R,579,1517.6,1619.7
149,3,X,859,1370.0,1060.0
150,3,R,-104,944.4,809.4
150,3,R,188,1586.5,978.6
150,3,R,304,1664.0,1000.9
150,3,X,728,1580.0,710.0
151,3,R,-113,827.1,673.1
151,3,R,175,1302.1,525.6
151,3,R,307,1341.9,518.1
151,3,X,627,1290.0,310.0
152,3,R,-114,1349.0,518.1
152,3,R,166,530.4,1254.9
152,3,R,298,421.1,1494.8
152,3,R,438,465.2,1511.7
152,3,X,538,395.0,925.0
153,3,R,-83,847.9,692.7
153,3,R,221,1471.8,1683.7
153,3,R,357,1524.0,1672.7
153,3,X,613,1370.0,1060.0
154,3,R,-88,933.2,878.1
154,3,R,200,883.4,457.8
154,3,R,324,892.0,413.6
154,3,X,724,870.0,235.0
155,3,R,-57,1000.4,636.6
155,3,R,191,1186.6,1148.3
155,3,R,335,1182.2,1113.0
155,3,X,631,1080.0,660.0
156,3,R,-110,932.2,837.1
156,3,R,166,475.0,688.0
156,3,R,334,462.1,653.4
156,3,X,574,450.0,450.0
157,3,R,-117,712.4,686.2
157,3,R,203,188.6,305.7
157,3,R,323,230.9,309.5
157,3,X,671,220.0,130.0
158,3,R,-120,1041.6,692.2
158,3,R,192,1647.3,328.2
158,3,R,320,1699.9,338.0
158,3,X,548,1630.0,135.0
159,3,R,-110,977.6,588.9
159,3,R,194,906.2,1703.2
159,3,R,302,922.1,1555.9
159,3,X,478,790.0,835.0
160,3,R,-113,1342.2,723.3
160,3,R,175,1173.7,1066.1
160,3,R,343,1185.3,1089.8
160,3,X,539,1080.0,660.0
161,3,R,-118,1194.7,1073.2
161,3,R,178,1336.7,543.0
161,3,X,406,1290.0,310.0
162,3,R,-118,868.0,1044.9
162,3,R,166,493.3,683.5
162,3,R,302,469.4,670.2
162,3,X,966,450.0,450.0
163,3,R,-111,475.3,665.8
163,3,R,229,1660.4,417.5
163,3,R,349,1691.6,330.6
163,3,X,863,1630.0,135.0
164,3,R,-112,1698.7,316.0
164,3,R,220,251.0,369.7
164,3,R,344,226.5,313.8
164,3,X,868,220.0,130.0
165,3,R,-123,237.1,313.7
165,3,R,421,1571.0,1082.1
165,3,R,537,1705.5,1043.7
165,3,R,669,1688.5,1017.6
165,3,X,985,1580.0,710.0
166,3,R,-123,1699.4,988.7
166,3,R,221,953.9,478.6
166,3,R,353,902.7,431.1
166,3,X,793,870.0,235.0
167,3,R,-115,899.6,450.8
167,3,R,201,906.9,1522.2
167,3,R,333,938.9,1640.3
167,3,X,641,790.0,835.0
168,3,R,-116,949.4,1617.9
168,3,R,208,464.6,1514.7
168,3,R,364,482.6,1523.3
168,3,X,848,395.0,925.0
169,3,R,-94,1108.6,811.0
169,3,R,242,1504.4,1764.5
169,3,R,342,1532.4,1672.9
169,3,X,846,1370.0,1060.0
170,3,R,-104,1065.1,1189.2
170,3,R,152,1246.4,1564.4
170,3,R,388,357.1,1388.0
170,3,R,536,377.7,1348.3
170,3,R,928,404.3,1247.4
170,3,R,1088,383.1,1148.4
170,3,R,1292,222.9,305.5
170,3,R,1636,397.0,1412.1
170,3,R,1776,404.1,1300.8
170,3,X,3036,395.0,925.0
171,3,R,-124,407.0,1236.9
171,3,R,124,902.2,787.5
171,3,R,264,1487.0,1634.3
171,3,X,688,1370.0,1060.0
172,3,R,-120,1100.7,1184.3
172,3,R,172,858.6,1374.2
172,3,X,596,790.0,835.0
173,3,R,-100,915.2,1167.9
173,3,R,192,849.3,444.1
173,3,R,328,868.9,414.2
173,3,X,892,870.0,235.0
174,3,R,-51,967.6,740.3
174,3,R,201,224.3,289.6
174,3,R,349,210.8,317.7
174,3,X,897,220.0,130.0
175,3,R,-111,709.6,516.6
175,3,R,201,1514.8,966.2
175,3,R,313,1660.8,1018.0
175,3,X,757,1580.0,710.0
176,3,R,-120,1677.8,989.2
176,3,R,140,1226.9,537.6
176,3,R,268,1338.4,500.6
176,3,X,542,1290.0,310.0
177,3,R,-116,1349.7,495.4
177,3,R,176,1170.5,1071.2
177,3,X,497,1080.0,660.0
178,3,R,-111,1177.1,1063.5
178,3,R,357,1679.0,333.8
178,3,X,702,1630.0,135.0
179,3,R,-124,1694.7,320.1
179,3,R,192,506.3,695.9
179,3,R,316,462.7,671.4
179,3,X,713,450.0,450.0
180,3,R,-112,467.8,659.0
180,3,R,180,241.3,310.5
180,3,X,501,220.0,130.0
181,3,R,-122,242.2,313.0
181,3,R,174,1173.3,1214.9
181,3,R,326,1186.2,1136.0
181,3,X,745,1080.0,660.0
182,3,R,-112,1188.8,1083.5
182,3,R,208,871.1,424.8
182,3,R,384,892.8,420.2
182,3,X,483,870.0,235.0
183,3,R,-124,895.2,417.7
183,3,R,172,1510.5,1251.8
183,3,R,256,1464.8,1703.4
183,3,R,376,1541.2,1702.0
183,3,X,639,1370.0,1060.0
184,3,R,-117,945.9,676.8
184,3,R,171,1354.7,545.5
184,3,R,375,1355.7,525.3
184,3,X,470,1290.0,310.0
185,3,R,-120,899.4,1040.8
185,3,R,224,1689.4,1068.2
185,3,R,380,1696.0,1031.9
185,3,X,587,1580.0,710.0
186,3,R,-120,849.6,964.2
186,3,R,168,502.0,677.5
186,3,R,300,459.1,660.2
186,3,X,523,450.0,450.0
187,3,R,-117,983.6,803.4
187,3,R,227,318.4,1345.3
187,3,R,335,423.3,1367.9
187,3,X,526,395.0,925.0
188,3,R,-66,905.6,975.6
188,3,R,210,881.8,1393.9
188,3,R,358,907.0,1418.1
188,3,X,601,790.0,835.0
189,3,R,-108,1063.8,879.5
189,3,R,184,1665.7,362.8
189,3,R,328,1692.5,313.2
189,3,R,544,1697.6,285.1
189,3,R,692,1705.8,328.2
189,3,R,2316,1643.7,206.8
189,3,R,2352,1611.0,285.3
189,3,R,2456,1709.1,184.7
189,3,R,2520,1684.7,296.5
189,3,R,2656,1701.6,301.1
189,3,R,2828,1694.6,303.2
189,3,R,2932,1694.2,282.9
189,3,X,4017,1630.0,135.0
190,3,R,-111,725.0,610.4
190,3,R,181,1312.6,543.3
190,3,R,305,1332.8,502.0
190,3,R,517,1351.4,470.8
190,3,R,1025,1343.9,553.0
190,3,X,2046,1290.0,310.0
191,3,R,-114,781.3,592.6
191,3,R,222,372.5,1302.7
191,3,R,346,434.1,1275.0
191,3,X,659,395.0,925.0
192,3,R,-116,1055.6,756.2
192,3,R,188,886.6,407.0
192,3,R,400,878.7,377.7
192,3,X,513,870.0,235.0
193,3,R,-112,892.3,387.1
193,3,R,192,424.7,620.7
193,3,R,316,462.6,613.6
193,3,R,564,501.6,753.1
193,3,R,848,574.1,1038.6
193,3,R,956,595.2,1046.0
193,3,R,1216,662.7,1250.5
193,3,R,1436,669.7,1198.4
193,3,R,1556,659.9,1229.7
193,3,R,1892,632.3,1124.3
193,3,R,2148,499.2,650.3
193,3,X,3157,450.0,450.0
194,3,R,-107,998.1,768.6
194,3,R,181,1181.4,1012.4
194,3,R,325,1150.9,1014.2
194,3,R,565,1178.8,1028.0
194,3,R,861,1177.3,996.2
194,3,X,1852,1080.0,660.0
195,3,R,-122,1178.3,1007.3
195,3,R,202,183.3,296.5
195,3,R,342,216.0,280.3
195,3,X,553,220.0,130.0
196,3,R,-121,1162.1,1008.8
196,3,R,199,1589.7,320.9
196,3,R,311,1684.4,323.3
196,3,X,562,1630.0,135.0
197,3,R,-87,1022.9,802.0
197,3,R,177,904.7,1488.4
197,3,R,325,916.5,1518.9
197,3,X,532,790.0,835.0
198,3,R,-108,987.7,738.4
198,3,R,192,1638.5,1051.9
198,3,R,320,1686.1,1025.1
198,3,X,471,1580.0,710.0
199,3,R,-119,724.9,851.5
199,3,R,261,1445.9,1690.5
199,3,R,377,1516.8,1664.1
199,3,X,476,1370.0,1060.0
